segment_id,time_to_eruption
1136037770,12262005
1969647810,32739612
1895879680,14965999
2068207140,26469720
192955606,31072429
1640671020,22264866
288840453,34952168
1162441568,9504818
1791400073,11719563
2059516238,11629084
591342465,43069893
1307215143,40763190
995888455,529841
874143536,925464
573797974,18448502
661349045,1096562
98049952,16644956
139656908,46573581
260955881,6277972
859183068,10412406
952401993,18193401
511978994,25418076
1003154738,1891688
1225949488,3600069
1581535482,47810569
1961905320,23494242
1798529911,5142989
1809144248,4931804
1826631403,1846267
1847054966,34371250
2072789669,17866148
1049342028,20039978
1087653736,15126522
678169850,17808441
823017486,6227679
1098612833,32331124
2102366851,1993608
1537766774,41038586
1243491909,10349522
794676693,44476899
1090755834,7412828
914704761,4282611
978309515,20364404
1557614721,23711741
1663507226,40819831
536501947,43098610
1918352299,25014032
1413955161,6955341
176160971,28425095
1201950963,4716683
1899738295,31368571
1737493119,3544851
1202935850,4208163
1728354879,26997712
1324761660,6732691
1381856680,28256064
1740565995,28152400
696971052,33561672
1804779174,25240759
1937012872,37178418
1592618501,34021266
155056884,7914663
672285731,29786268
1750688026,11802407
932998594,15898458
211419569,35662591
1890593527,5734891
1111981902,40140117
1456047002,11002440
2088969715,6792416
1160064144,21021604
1158288485,31005903
798681796,42496889
92541280,27256080
1317554940,28574695
1038903770,12844995
958203396,31020902
1622981665,22494834
685475461,5453412
742086401,40875911
1002575641,9924307
2124458115,36668090
1051215459,39027962
713667596,27769677
2073948542,18701561
1858051447,5739511
1307328343,45421344
1738967219,22805350
1986171846,21903369
349291703,14964357
1655117264,17587182
1486668961,5813305
1328518626,24795441
986058423,5930797
1358458285,17690649
650067382,19138821
1881373644,27410437
1079693590,44830265
82371649,273119
1990660302,2100262
2041042967,38302199
1745355323,24181921
357626827,25337458
550557709,30404152
2065822600,27033520
1884847148,33847537
63240694,40703751
148601568,3546541
1972765916,5452143
608936534,41478190
2058785060,18705104
1413419956,14812529
1047698781,42753277
1194762613,38733309
735284814,8151334
802939805,33743320
1648977848,905192
532994678,7088400
1565193330,15053544
1726437005,21379271
2091456928,29326728
1825350523,36512926
253775072,15732427
1816226657,39962047
1842050033,29859410
1519481245,16347266
1070821612,29318853
557080555,43798513
231743972,27645115
1901334447,22001305
325942881,35783999
391889473,26055298
184996575,15009926
922683102,6996188
1964629036,13711404
895093954,47362238
719416315,5612613
1073019591,32035743
176524368,37094886
1329263976,38723640
1516882705,14454962
1305758519,22894091
1581973088,33129711
795941707,42380802
2109398679,19349131
963052072,32638919
431034914,9536195
564399178,25805060
1243250306,15918903
1772142112,2463684
1566899404,7843656
1478302828,44424042
1591648528,11236488
1720926032,7457448
1866515652,30057078
1541433823,44039612
1368969105,41641143
1512687161,14285865
1421646167,13295155
844506946,3475585
1588195813,37849965
176793362,40165333
1290142372,32919533
117353587,39530436
1207889265,5107382
1751225823,29457928
972733285,27313265
2142835830,20686189
268136318,10997394
559180520,30130135
2029121195,43190417
697929895,5383738
1981928952,28993038
1345496888,35887276
429578330,22141838
1248281726,37555576
1192163654,24350781
1218932007,38030277
1928017333,28243271
1957796636,24177634
829175298,26603831
318487088,8336642
1205512045,16095563
1622505642,31201502
1332087486,20651770
1778817952,16552095
978341311,36048263
147205244,15559380
1833020166,41925615
808480147,46184123
730012471,27742695
1156048155,31574789
1124990118,21310001
950978902,33564143
2133970291,11414233
1859080601,2525893
80983984,34598467
288954511,37456771
1587797749,34430384
1106409037,11536123
827663810,18946673
1904644745,6648378
1105888187,25054246
100519902,4357018
1397337085,5270014
1596656076,18532567
1448402324,21542756
1110429957,7773440
1312630419,2901003
1313787407,3421039
939311744,13622266
348481867,46297071
701259694,21554893
1931174724,5851521
1973493369,47042081
1876661931,5739338
1375203977,30132470
2000902559,13353813
796943128,8213206
1731539296,37152618
2081858668,34049161
1839339142,4012852
556944814,30540612
28922321,32253208
180412483,41331696
2109045312,4337116
958278520,26481755
301803983,13656473
1469260621,1580085
375594805,36029555
1040427269,20682439
1832562741,41262439
1238398453,14442539
1193696136,4102739
679487700,5315391
1965835461,40303568
1711869645,10523062
1838044713,28976160
1723838806,9260641
768285401,42779545
608666976,28679884
1775977748,40463545
1546922076,4557852
1288880407,29103272
418024334,9531699
359406630,46328304
1120996406,2778919
1625600951,31100303
1883687008,29480676
1622409915,47013253
2083448006,42271195
492142597,23353872
1552764843,34809390
1507603213,6380712
747070761,1357697
1812302207,38421788
326818048,5288221
897540717,41965572
1339140243,26946321
1592733007,12470895
1970380552,2413795
1098074077,3820740
1799211709,40018074
200041020,35805589
1112729101,28772117
2099255300,44621939
1603169207,2462591
629966482,10670472
544830679,19863157
1128186391,25031879
404538868,12914912
1089324375,8353679
939756690,16503874
2013387937,8159420
1550253917,21834673
786182879,29524662
537373123,16757808
2120934695,31245085
938109149,24302840
1940684810,23393531
276179308,23514771
1525760982,15927953
476804737,22881256
1386901660,33926568
40045420,35899816
790331967,30444078
875833154,39405035
2052926249,32555792
2103433447,34547760
129320976,5940596
238539977,32000841
553439372,12494503
1631336027,14051809
1015092282,41052996
601506140,3456892
1196312634,30923121
1919243833,3930776
594908465,47775708
2010443578,6416251
1583418568,18740213
1873012060,12810352
1945020467,25622349
15038768,43575632
1972350442,32304331
814375798,27128726
621005356,26273131
2010479566,11919352
295591342,38860359
172630657,10264626
267434407,24109771
1742514145,35621472
873824973,13371172
494759191,7252237
1831534866,18170380
900874409,25094501
601755218,40698380
1721863898,30783919
1172960446,31152404
1065259888,27899734
1083379708,17756073
2101483319,25468953
1779752448,1276396
107081920,428461
312736365,25492460
2101664526,16882521
1976957121,43740620
12058946,17944214
1304106205,17280547
1782795742,15155121
672998055,19024764
1371124950,19171622
1629550343,23298595
1305694172,3567310
651332647,8579716
1469602035,20609079
532904300,34189936
499395470,2278335
1940807669,5882683
147392583,35627380
1400253000,22532237
1955432817,28076355
1275918064,32747157
2140509127,376369
628631743,12176811
635576099,8048351
72574795,20862337
1924752407,661683
1071049789,3488666
1779441152,17038346
2052803958,17383128
1867729589,22264601
1438275988,2167660
1345648815,18444695
974606400,4444406
1139489647,33996917
1812857030,20397209
674012882,29441896
729979472,11870576
823707584,14267261
995669347,47715187
200839985,11440320
663459205,2507552
1155734430,3290204
1033835311,40065339
521769547,36023711
280180078,17885104
946628340,46927271
1330823364,28588026
507197174,2568794
1888095791,21747896
2079456865,10629029
1094157333,42091471
1182581931,38327442
1440363043,2717940
93102882,46435141
304522764,20111279
1830012984,40864977
694078395,8890699
7048079,17345419
1053927671,676554
816292876,23626768
48233383,28213217
1098698634,24508381
133763341,39982437
10901393,43859980
1284309765,18814834
591305551,31269263
768372906,39663358
314633532,34853736
596775154,37647012
304029996,4851843
73583691,30873928
1111204031,18808971
185475086,7267557
1036403851,4719062
1993630154,1702860
1825059086,39456823
427149670,957225
1814978741,7954212
1376247982,16912715
1561688102,21339296
1730966873,25195068
784608403,24339676
1089686246,41977516
1139605058,38765962
2131992792,26599427
138147248,31546077
192886119,1751151
1323724621,47861879
1324741890,25208019
1171869234,33398381
80560725,33390570
1690458083,43937252
442994108,28696
92198020,17281453
390643792,29948941
1851830642,36827935
1103243029,17473335
1995318007,15117628
8090006,44573441
1839914690,43212742
1345892489,44789145
1907967488,25184507
1580979374,15658108
1843106667,10073313
538605063,26941455
2078242859,34283836
576438967,23148211
736819201,7427676
1558786314,17836431
1212346942,23209780
1802697767,45749086
498147140,30011501
304163639,19257144
119249800,15289217
683713036,17045543
944527607,2193658
1700043853,7384964
174681942,7163152
278590045,34840559
678646361,6350450
1779587613,2004512
23103344,22550812
772542617,1337830
562556875,1068943
2054043392,40806969
297698604,33009526
1899573155,16026868
458941360,17158125
1817642771,28450656
1233272039,7412888
65575584,36343942
826376398,2357339
1182918404,38960058
1607992811,11457189
2130632982,28485071
947090403,15365285
984154541,5326048
1575325627,7153283
1077334203,17255974
655037286,4882939
634354320,32651714
1851591417,9253331
1832090295,13207230
1031775369,37403436
1222398379,12889758
1099864364,26858020
6825894,24622916
550441831,6650463
454301633,5474902
2035828528,4883180
2146361020,1536927
66007241,38610849
1973757652,16425646
287346123,41030111
1444387622,4208909
1256832219,27700783
979330433,21090434
942065636,38774206
1906505674,690499
1098531429,1817576
60701054,22509097
752996947,39978289
659200008,34392078
1760653534,31497752
1869661089,28469799
807148290,720761
1318204178,7490208
1732517587,20782710
1319370888,12643422
397127294,27470788
1734310781,19655605
710643716,32420477
1285239035,3745407
1265017674,42044275
928713250,11941339
2146939378,5948385
846647124,15429076
1412442495,14989201
568789502,47111144
363885653,39945763
1003175827,21994554
1979596579,32702044
1676337198,36133854
511217945,38546852
304129540,36217712
323924461,17534557
1814907428,13786715
1440719862,42529735
683189731,32545649
2056246508,36456511
2138914806,24532642
245136573,44958345
771516862,7794396
801782182,27541219
937843618,17795726
1351464367,8263319
1191350506,5020088
1358944219,25695460
1102879167,27136772
618682872,39732623
1377244339,21773796
1725501178,16884808
1204506668,16217209
1577367680,36115175
762505241,43106846
367278065,19970664
1846591,22347471
683147984,9261859
646472471,10682647
1296693816,43654259
773228648,3675825
1946666513,35802381
1585404290,43924059
736964441,13237465
1629587216,36859300
362806359,15046200
1200187647,29834194
368702529,41593914
1638035861,16327110
1176309909,30260963
982293994,34768629
1156895420,44120058
413990424,4522464
1842353536,7488081
732023304,4088400
1271458082,14172194
1338729778,43395620
531058980,30110232
1548235700,6636975
973336622,20818447
1269253757,41916091
515383914,36385572
205330197,13296171
1239209006,25386113
546241772,386910
280847504,19947406
685963584,42641672
521169190,3325364
48536127,12788156
1818420386,33353623
271413633,29462986
19156896,45002765
1557776093,8076591
2017077197,1378995
1888442337,25475131
1844835543,39203881
1585058268,23191755
1171708569,19151403
1432170310,21308936
1665859674,23533599
1099545410,45026528
1155073153,31408489
1666037045,1028570
343945736,8436689
1280459895,2417296
2133156473,28500445
2039942615,7746872
1618681992,42081096
1649748344,10636415
438903606,43617392
1897117523,15088404
508758258,16159880
191482132,16849080
296003783,46781617
1264680628,14076689
1943182278,34753230
89160029,12006994
1533625076,30953175
626322376,5127604
601524801,6250
1300210122,14418064
641168964,28464661
107400998,4494244
2130499839,24292830
249763292,3175790
2016421842,10792000
1759210199,38195716
1296697611,41255182
980559847,19100782
1336882195,37982622
2117564801,7868970
1403440092,4524342
372844561,179818
1148831112,23961242
231298651,27369423
1088828384,47126240
1179922830,32160000
964004526,41206950
1635285590,8573199
909369717,30779054
1280739208,8401838
1139939622,3806954
587453041,39932891
864547424,39475415
1824403119,562600
183261008,10977598
1444160100,29678857
865386011,41681054
1014585637,23961047
1038366766,13507919
1310208823,3264638
1396760068,13249370
992018586,14274807
1798614789,5616496
112321400,46038171
1561308440,37487652
174755973,24298583
1301215104,223909
1101821065,13446313
1519380697,11348375
1694484234,37256705
930971928,9009433
1412551688,34896450
256946052,19237462
687579699,16291400
2078096366,8991164
137679693,29895176
1964855818,30886394
939810412,41588186
1311274723,999448
949734355,18743399
1193276340,9409254
859975969,4979591
1120445474,10175117
963569136,27930865
2130505106,24323329
1888696517,12493093
307647822,40499629
619331058,444817
52519852,6024116
376672412,46875625
619819375,2677231
1842507581,34141647
1121697834,12626808
1300256705,23485651
152867048,2776328
498590214,32154606
1442464431,915841
98186373,20354679
1226022734,33350486
1305823886,25383127
389189559,1520211
1693633195,27241936
1044404474,9441051
1561804830,14951277
1544513511,3855115
1419062310,32559512
1692940358,26514155
1382431979,15354872
217060082,31558651
477007410,43486713
2012305591,23607971
1249637406,13124526
283815234,1612005
1219716331,25667145
1847150368,25916077
789781713,29104309
1664535047,22578907
1027457977,34398491
1796116403,24827310
891333219,36285310
1354460277,31084819
658099461,31870009
181232508,278535
475130215,19971933
1705846659,18669385
1957304311,10692366
725374042,45264236
535998076,45366501
1706956734,37785355
1308750050,44004164
958721439,36271424
2133808067,41633548
1251724802,4282271
289916724,43594390
1704169438,12575806
1588190171,17631239
797097935,36951418
800654756,16818516
442489148,43353242
405613802,13060214
988661571,9432873
1980120300,17577204
1513196726,16730143
2062317322,37041368
1882410793,10610525
476248197,20873371
1647327707,20264421
1901036315,19376094
160311230,15546942
648501807,19406657
1537645954,12485751
6452624,2839944
1659836040,34680905
58579165,3754290
942613600,39498290
77152016,32682181
694445719,36682367
912534056,321111
2129738903,15525061
2061918698,36787557
1162569015,22251320
1350859070,39849514
1839787224,29619667
1996761843,45993592
913946812,7669069
2109035625,26831289
810149287,16308140
667097243,1112204
969170465,44382960
696135465,6163185
578841005,4300735
1845995648,6675366
1313551275,30949149
1264187919,40457646
887451003,21594709
856254594,19355534
1469153943,35461196
341672973,1856847
1543271024,5395767
265623066,2646358
208106303,8247443
1846137609,12432618
1932836320,7003376
1566373795,44640112
1808003135,20784573
283313652,41626356
976707361,40389139
1064935255,47950543
661709272,6859938
104958377,12960507
392270446,12104427
1849160248,6437751
1747991270,42711424
773884877,42139864
962787425,12868706
875430665,43272528
2051380720,39378933
1673808277,27077969
1799326521,15060061
1944553326,45521511
1757611801,24203451
1018435910,17275464
151326352,24726843
1150860263,16633828
897887568,44759357
28150401,26465251
1445132059,10895893
1986279721,23891482
500834016,43103149
924684934,14756266
1546647257,5604810
778164804,20114388
2047161980,8131989
497728530,18222066
337756045,16342508
974525074,2775988
2006823210,41462971
1943373950,22027103
1788555372,44853667
902375683,34714725
1460750672,7898224
1190293359,41426495
2063246350,16251229
1124119171,7329811
1850894199,17569722
173573447,43423328
1350466548,18535922
679745839,40011331
112124903,24814472
1476309575,32019118
269248670,45518126
281571243,34696471
834484140,14417739
738046711,22050783
861227030,26970533
1749369404,43753881
282630295,22499218
1319864887,21340440
1112777130,7177158
298103383,12037835
372742618,2534048
1795012208,23930691
442434310,42877920
223455906,20357140
25177348,34972061
542442356,26183820
703995178,23181765
119375610,5361777
1965441451,42301729
1643568466,44300941
54168867,27280824
688474018,8211399
388384605,28329500
123014977,9593329
1018207090,26111068
1494607307,24123419
228916106,16438629
1676644030,25965968
853508008,40540409
164798551,24258884
1084812938,8011740
2030813906,28038265
12445922,41193794
1691322781,11645625
419900140,17188444
1946119606,39726331
886791279,32641012
831609277,448429
1664537012,5513285
1727538054,9495753
363631303,24599735
2070066319,23565849
312941568,24872676
190975230,42792996
1089685571,22167992
1387922773,41496513
807102745,14108330
442836719,2573654
1509748401,39335751
230326934,13100476
1919208521,8616194
1463836548,27591482
231533417,32722206
1731442072,46137381
1207105314,4857362
112375098,31681477
425888815,38337134
1676626416,32788364
1163975632,37286292
2005894991,16409063
617255708,18259728
1573552780,39351880
198632987,32120697
1074426665,20835819
733163436,30027490
241063640,20462842
2112694084,2649772
1476041037,32893033
64719838,28453756
229006242,23692506
228392309,7143675
299780207,2523769
449385871,28944754
1519559429,36964027
129287408,45580716
1060632987,3975339
1488662239,6438207
727859248,23444200
756112127,28834416
1606405966,46800799
786817871,29018495
1845110914,13316690
678175964,28381090
1929613301,46883247
1110563085,32424016
543051407,39504685
534381862,9068165
768347073,22732952
152072473,23637315
2055600383,3334460
1759931361,26547777
14879891,14824487
367214620,23298467
1725139160,15397482
537064740,43377458
1406626451,24133615
484975664,24306202
748685049,33186729
1477015307,9354712
544050502,42614457
1649051276,6969060
1403005697,35260256
876926968,6254136
574634448,9527005
806537516,5847670
1950201058,7703381
680492354,30130984
1634919976,18975742
1861136023,42399338
1852779090,36595113
1338917012,15067636
272158141,27415112
1146220591,29245021
837971591,6579567
2118180017,20785225
1693182700,33336947
1283573689,15684576
161907109,4726351
339846368,7424122
458349901,4436300
1039583299,2754390
821180602,4792549
381232081,25641641
70034994,41670980
1626674258,28276066
1421336443,42542236
1408645616,22407847
1068504383,15380444
788274770,11884125
655846883,2983171
894718015,38220829
1640400054,24706312
2067314180,39593053
477689927,14100795
723428785,42849582
1892801987,7072017
1385372778,8669960
490689404,9469001
833200083,4338588
1977710546,14113883
2120273955,10618163
1072192149,18311504
943345515,32965575
1945782318,6101843
1867792421,31801137
2107068530,6110204
1509404697,8406552
1470369862,375939
263366519,37838117
928414279,26319791
1886769185,33464579
1406234149,38834935
873082841,41843440
116173096,13731784
2093243192,48261342
227975390,22677090
2118316109,37917129
413730725,28338807
948057434,29818874
661668096,22967037
1781549871,5239386
1862197689,28607064
1602353393,9231682
1114275678,35913386
1990552166,30125192
1398442640,26375282
311504505,31483536
1393018175,11272680
1991439490,23196613
510801802,40073538
48604513,17672030
976236385,8703420
1606687852,28872284
1246332909,46046804
1200721383,15524864
1935878474,436721
247768640,46996208
161824206,30672526
236710499,33836281
1287286275,24459008
649888360,28099156
2140378160,35733254
1070784997,11763117
532826709,18695390
529252801,24006351
1140760418,45766485
582268580,1456922
1188262821,15443477
1472087348,15936234
889941422,42565219
864662939,29423632
1636892588,33748286
751048458,27609703
1427376683,403177
34164562,15719014
361671709,3934602
953346027,25246982
1691939173,18864193
730414813,41130218
278982021,14061109
533290300,14556084
600983434,3771859
2042137471,6411018
404418984,4575729
1938743280,37605159
184364998,15928239
188086453,34159033
1377934753,734096
155043963,35854834
804133866,12589163
595546291,30506163
758202509,24458875
15737284,37723879
830695026,5801334
653777184,23230846
1860735595,31225476
1437708188,15434735
1756532483,7337563
1389436963,34450674
206572719,45189955
1795606172,8056348
1680110817,19680432
678082835,279557
754062892,34245105
1051299690,37875002
720741430,1835373
1265760121,33264237
1058582421,24118695
626164144,30801679
1092709083,23580134
1533236910,36235123
729423060,1262904
688646840,13841004
1451204584,42413592
164402661,26994202
1856292606,21878259
461597069,14714255
1469935552,21948641
2080709222,34365596
343985399,2209974
1661769066,31133310
1357911280,11459168
865285202,41546817
418275877,8200710
1459085269,34313687
475937957,42277812
1297566199,28033233
50889432,27860112
976837402,31913439
486898239,12301519
1886344380,8688340
354191963,10307101
273595483,29372442
1832548753,8244845
1747359878,12942785
492680743,17954999
1336077563,4103293
354187699,20591353
832751522,32383382
1174005524,39304003
1326488338,17054143
681597161,30657487
2008862417,20932719
1366126036,2229916
711765596,23409702
1697700974,22111513
1077594989,45619252
1058923200,30815166
302498114,29239733
868718273,40727402
1854263187,39821172
195259674,41153370
1334508596,35144376
1266854541,39093900
953506583,42023151
1080143124,19927685
658783371,21640199
1946443471,19204817
1068033648,8548168
794889827,21688033
80114783,24232514
229047052,9809076
314170744,10187269
809771064,6880761
179584121,19387989
625038024,29996400
1604854130,42841445
185210009,20526024
1756847193,33297409
2052316250,24679023
1897942466,12487218
1186704180,24944414
24054496,13068607
1004346803,213390
518387988,15629116
1688829653,25664145
666305087,591148
977209796,17136820
669860014,3582324
1490656252,16962783
534264240,1429826
1917282367,34500541
268716817,19757074
1848578834,13982533
1610438119,7769815
150565400,4652590
1443500291,38377880
1788435940,26377614
21304149,1524888
1240124708,10481924
866758423,15462272
1071777430,43767476
348486495,28980400
242767402,19898425
675814457,17366058
633779249,32582910
1468312828,36474948
333206388,17946002
181930949,37113717
180022915,44343176
1378847502,20312780
123327103,22868549
1404322654,6231590
1003520023,25349493
174155475,16752547
1821527103,32780737
1068208983,47680668
434370668,32524940
1507583987,24512254
1376578175,15295691
1423567749,13688549
414737101,9162090
1331551006,21816852
11392010,39483628
827803506,87064
1673131704,1529565
45843121,27994207
1267021789,24012373
1753782694,13400082
1468181012,36605564
1444262099,16731032
835523862,14083382
615891154,9907648
553506034,47237009
146420447,22766952
1644850249,32994333
510076208,8497192
1923243961,49046087
39008491,20093981
1876246151,29104897
1673078322,18918737
2034726326,30200415
1776689049,44054917
1957235969,26929
755881810,1985644
763714603,35745145
1414856943,43265178
2036342515,36687740
1405443107,17463099
151157022,45396686
1086656455,30349614
118578176,27814731
300717475,30030497
2069011219,38453155
63085880,47760262
746150472,21712889
704032501,16135371
2044088860,35479215
1334588229,21420262
1647257575,7257157
1696428789,13987327
1230685914,16538607
1052073345,9311783
1897579422,12937812
1341275515,15340604
948292000,11954814
2116022538,5557427
1026930172,27668379
1883665524,38482091
1565591534,39321096
1272356913,36393484
941091182,39225504
23686776,37969683
1313680478,14951435
545603396,13594831
1053043132,9442732
447327858,18424239
2132437848,37865966
977386447,42528902
1638430995,30697245
925881906,37013443
1562801720,553356
720575698,10791925
2042268384,9116575
1921559595,43943520
173647205,19011844
1889193254,45051811
1942383551,13072374
996425152,44904143
304850754,15215305
1607704106,22603280
1185987238,7622859
822515191,36572104
769093074,41161232
692506393,328347
1245409985,605855
974378027,41580768
1241598842,11144483
1560889869,19050364
174001793,10272863
1908814569,32016807
1575169310,43680457
1047238065,1756341
835465883,5147499
1800749408,23510180
1041963422,17286638
609526992,16762149
1460923158,26020235
342230662,763103
1941390029,46195510
399832716,24233881
621938105,40611376
2031334949,42714280
2045584134,31479637
1995339394,25259216
1638487506,21496664
1001732002,20549733
1440782876,40932627
143072526,20881636
1927667195,26661187
1472473932,13325770
1204682805,22175234
377237175,25040218
1441988574,23733443
1251032581,13740729
872179122,42482934
969357718,46623187
1792559771,11031673
1593620672,92212
1509795330,6734062
1572446006,23186602
1862976121,10940666
546523809,12853819
480158197,1183373
1004557332,35397029
1108848326,2749571
1252913785,40472962
1283526641,496591
191737931,16314839
1582079735,43059465
516943132,20625578
2099545508,18801038
2010868700,17567041
316912604,36067572
1630569825,37113494
168031461,15412083
555004313,35975519
1358091136,26610575
218199743,10746680
836174334,41963035
788299378,637321
1002624617,8004890
1378538542,38916978
1682499870,20349665
799159875,36010999
2027572523,14738224
980665370,26170785
738159093,42947215
1815907735,42967777
1804239808,41388119
2076240612,37526752
809001604,35979800
255656520,17881216
1774865955,20225627
641388477,6478385
983270799,759643
1437553540,28760497
1642805858,24996970
159994029,21008806
456916377,11186280
323702308,9912184
676663859,38166171
1730836674,9129812
1408663387,35226727
1991834430,21323953
1976702458,24433716
198883212,10423456
1505680768,23128902
649226890,24078194
1092950441,32798542
448346626,11152346
325001188,26928741
903986584,37671145
985043652,41659584
1227006408,32317423
623083505,38503717
1171535008,10171910
245588037,1211087
1512562688,30924206
765529516,58525
1404179874,20312592
1206664260,3229923
892901225,38847445
777298307,13738023
609192146,16379287
221683713,13979987
689432564,38417772
77997948,15522108
402245791,46126458
1511476858,3556007
1248634358,21162599
250428502,17630436
817448324,19447974
2017191725,1618134
1276176836,30026972
1646467816,24375717
1840889530,28937061
799436544,39041688
378470871,37905667
1603113637,38499829
996855915,19232298
538188739,1131568
1341530534,7556403
773118494,19821397
609071379,21760210
245008472,32011152
128716706,31830791
1143985791,21154411
150706632,20318432
568541879,17645409
947471791,26169386
1632583965,910530
335755738,26672009
1445824208,4134295
162926555,25226035
324748150,43316666
176086997,27696083
1376574453,10908952
703643179,7993700
1109392959,34883708
1749901723,36526686
1098000689,18766799
836288436,30474264
529290872,1618767
422894796,30180144
1961286560,24569825
1504876934,33865424
1678614313,40667589
1966964193,17353555
986642651,3688139
545413269,19873528
1963562520,22609243
2067328997,33092296
609963923,29684540
1567324269,21741464
1076119752,11806816
746747513,31730885
1854106784,25356684
2019378960,20092375
1162680622,36533947
1801474339,28755637
1384601116,38995568
1064794195,13261250
750996880,14405681
1439873054,5591376
1999249396,32939149
1136523713,36611727
2146270165,20411464
626866590,27745755
2144701601,9544168
840041017,18469631
703680106,7067195
1937517158,32872453
947720191,31042221
1199580311,46245974
603946477,31751948
771107814,16126089
246630780,14651538
1332634054,3377905
438232368,25620048
1222915307,23606843
1521233834,33442299
1746134419,42675959
1995224750,31465979
286348387,30043284
281177678,3508365
1607261076,20010776
1014562599,41018705
1553019029,27998195
91142823,566176
220782474,32510185
1532608723,42170312
485444965,16190625
804951561,37566155
2108745085,39065929
1607574370,30519001
1511969211,14280956
537294086,8467679
633838860,14841697
1757782121,29291218
1469540533,42623394
2039956296,9693809
1510912952,20577957
238199192,23214854
2073873772,23771035
1990445485,3776851
1678801994,4832573
1639990361,5686220
465297287,19311092
1335503667,19185737
777577982,35279943
220743032,3864961
1761570399,18876871
1280586826,14850319
1407094442,40550390
827378125,42554440
1619054199,27878416
1541798814,6191726
1414888691,1670359
1894979055,47567588
710112502,687718
1333853572,43678790
1151202699,44138014
838313711,20844477
1766869024,40279536
1117793086,30595040
126790315,20973081
95810878,5908509
1192354436,8920951
419460828,7549174
840522336,45887165
1445652932,4676490
1208305522,33984045
53046710,25124773
1387300995,46003438
67637654,27200357
1508036805,46809546
2114051470,34174298
429491430,18896073
1346352171,6348372
1406938061,12549629
101616763,8785675
424555504,24925427
1896320158,23148519
714430338,45878235
449274025,13865325
1000554676,6347792
508784611,33509860
1588345140,47023706
552039724,607680
1317400348,6689322
2140411487,17945001
500591180,10874786
175893382,10856366
945760413,29228858
1590661832,38921139
472813142,39285706
883285040,32820880
991044378,31609257
149374383,10464765
1600911148,32627171
807399710,1910959
1140405837,10703793
1070060959,7147858
127998922,5295003
76652896,29543094
1615710791,32624185
1832960673,21194908
474206182,10582844
579307667,27527640
22262023,31271763
486128668,30435089
1847973982,28078928
1409167039,3703319
728388264,16624905
470215356,29899301
1864042146,40658986
1302654402,19415799
199677833,28777208
360262154,6948386
192923676,6167258
2029822552,23274490
2031744734,15487372
2123127162,35490054
1396043556,13619864
595336840,24824914
1328943551,44592312
1979839856,46235795
1751297926,5768092
452805029,40599163
1774928274,13445802
305786144,4171052
2127467089,24388127
549832738,23385989
438633294,18374246
427760151,22137907
2130405130,41849002
1505556122,34114646
1696879043,17876505
1553350259,20421269
394845623,16455894
1529424839,4680643
1392504290,38239386
731906543,41869281
198828595,2651165
1141586751,16246680
1798699284,3195133
828677947,26831955
646717244,6571348
553195805,44910569
274128360,13661268
1319975881,24706665
282861389,26900378
557646072,11375229
1619708381,39156639
150692731,21438625
1261672283,41450687
1038918048,37930321
298105681,2322261
1191004876,30326822
1821339602,14215090
1612658867,24348001
1961076530,1199235
2052740646,37120961
1816809145,37103711
1657717794,38184467
1600768087,14209513
247145135,28584279
2111011766,20421959
388927603,43713022
1113441311,4915216
1691053444,18574433
301033616,26073705
1426693444,33460236
1020283272,16657318
737567375,33332304
320022328,2570320
549415380,7646332
498872341,14434653
1661123112,16156591
1973467302,17204463
1835203048,10766496
1904220604,17038685
1002825126,36755640
1134675027,25733174
1699037504,38564009
728177222,21849128
427763429,24661096
300943209,9207233
781524342,38364599
1063425676,12886267
1274841432,13690975
1561334237,39600245
588264306,171324
1054353459,19501057
2079552949,28714644
1534028825,11954381
968597742,34643247
1623980475,24185298
597191221,7344969
1270605742,9611687
1749413028,16250560
1207479220,29987709
847334954,17739855
292905699,18902288
1414081636,35386723
1837383029,16556220
631780725,46889709
928349115,23609353
1560072843,11302782
798148552,10755893
1731671258,7598984
1982908792,38536616
1623655934,14026863
1259389296,1309239
1032570249,14205791
792396274,39417272
367028683,29581665
1277106217,30711414
1256153889,18067698
1488959516,25189906
705071426,11563700
696439511,32431619
1973725295,46113784
154787093,13758814
1329020649,13688423
71739210,31545523
254682954,28034726
2119153068,14494961
1254183576,18535477
1946592059,15517085
1903062865,47453178
1238859327,6790171
1314629889,9263864
224845179,43747890
753004280,15846558
572834672,43974913
332746748,25932335
566240925,2351876
468381762,12877878
2038489562,42593849
2118733191,18058386
2055241392,41127169
975676374,19472953
446793155,7732762
890711897,37921783
119735052,26865592
1125424344,3347379
1249783920,13984767
629707946,37155580
119828684,17721516
402646525,27682164
1548788345,1018667
1147795366,21243204
1870606375,991695
518528051,32381678
242542221,35660180
1593881532,22446674
1171002359,39244841
2123322342,33969666
1366400860,39889961
524875318,4617068
2067336369,6646158
841450874,41908825
1144399369,32958245
865612286,28706462
520609728,33169477
752696336,1361395
993663407,35517787
2057226721,35881998
1361703143,19865130
82117335,4106369
1833706259,10012770
176209287,11393279
1523753816,23435466
179291279,12528887
2127528282,5733689
1375353446,25160029
90572254,40787810
1218513300,3344185
153007144,166202
369856026,28234227
1358099181,40780386
304892356,33265322
1193816078,14329427
600168324,12942933
1194799275,26550950
1879772258,47315357
686319781,43475277
2111587424,7370080
1887305432,19362776
344640432,44048671
846682731,6343685
1948878169,41252224
1225045427,1627785
1148016357,36845187
716144663,29139018
2139860001,17079118
805494552,24429556
1013789689,37056937
655843296,7719389
2111802125,26668615
549593830,14026293
383059897,10343333
134008248,41232805
177224827,41613461
1232569304,5095266
1048009361,17128163
701856954,9437944
1644400982,9631599
1478840230,22186334
288914088,43673535
852989435,14436991
162096643,824011
701894096,23317088
984225590,23972299
740319411,8487939
2122859891,1305314
1141152432,27352648
1702047198,31024899
68252733,5770098
2040063058,35895168
1778564935,40730529
1009749143,4091055
1162036523,21554090
38058221,18656773
247235728,24754231
424045889,37613868
2054480069,12034277
1142739992,34403167
633652522,19007607
1836811096,34012139
271408873,3550479
804791860,15083774
1923526983,21398625
175810421,41329839
1878766314,37845467
1218086210,34991277
764791627,23035604
1810962014,23073590
428917687,38579633
1264939370,24539913
553843296,41102496
1493166217,10657648
951290289,32245688
1660325198,1090599
1117294384,40645488
1446664944,43171913
1350940792,14141621
489039620,5847100
1006842231,13146833
185583752,30287728
229113738,33658769
1292845647,16459111
1642532502,19430127
796309524,12039556
115231914,41548242
798707305,34398400
2016647233,13652830
1851148132,33675868
967222678,8752558
1123001951,8347832
573514854,22921693
1255076992,24919043
1540579925,40318296
888093360,8287050
84320679,26980345
952257811,8082473
1332361740,23715961
1117905846,2321914
447033565,36654673
668395393,41357148
1626437563,40492
807819960,12853572
752550623,4004419
966651364,21213460
1079821584,23971970
961651047,10409103
316499886,36453585
301122706,31805750
938523364,8810795
837813772,2289070
62835317,4019899
864386280,41706313
2057025891,37023667
244529517,18306742
1949765796,31721858
311995776,44521409
982740029,24017773
1089435916,5943894
1253007685,24894907
1625290411,5351695
584192319,30631033
1143009226,46478810
1451062875,14198322
1494708577,136062
950950325,29633424
1892346723,46377153
1462188075,6739164
965711043,43299417
1049186697,12851509
81189189,4841073
693331752,33241926
1537199208,2238042
1096991212,7954749
408452495,44275782
471581397,16142117
110797815,20578490
199758714,33495484
1367207994,29869687
1596396273,44748256
1660531047,23475090
64040346,3349673
817639495,17755762
697134733,42373756
678069085,40367148
1018756523,29754498
282976212,3600099
595194132,33029798
2041026525,6747618
923936381,41863024
106078758,24921651
987159268,7202883
427429721,502710
1495345557,14745733
1049892705,23385989
464978165,41248896
1843103687,26237021
1310911931,3108189
1411775590,884976
818554518,7469342
988251615,11784736
1158945000,4769718
1287402853,3817445
982336669,861058
1799744991,26563234
1955760883,14451915
1978888892,12384264
889075076,39801686
1466604072,17735202
508834565,34136939
459947164,29394130
756127189,13490690
1467444506,30058084
1505762469,44264175
1194833182,23399824
1858882574,37328324
1909894805,34181350
417104543,41739182
1092728543,31178789
288013742,17443274
442563989,26706219
2109000188,22082957
1382546481,11784448
1506387394,36342043
1854908358,42091489
1309817072,6488895
1923868997,29478794
904405461,15287185
1478564166,46700150
1739556474,20574165
1403244730,11556016
1344426246,8561708
1799261863,12140743
763136378,7917172
830597098,29352810
1253627982,12616374
1293088481,3843745
1214300017,13807580
1103672024,22811611
287364787,34310281
367264529,18553170
1298395396,21587978
1171309166,36442097
1301925952,9681030
483459962,32678491
881617953,22202669
1769819935,11821421
1822328263,39897195
900763028,19094424
1062764986,39691110
1979431054,8859249
55510975,43332358
1352232540,18381816
432695730,38666707
1828751957,28866918
1265054165,30845989
1640919122,19163551
759435064,4362156
1598867065,41015356
2044425220,41384391
1702088520,15273131
324103039,17129174
13787554,10769645
1859821935,29533884
1543404630,33558695
1724893776,26917146
19693814,28839307
959086459,16311663
684012682,19770960
2130540228,27217869
330789547,27877893
1864294958,17736290
1078903277,33235877
306864913,38485057
1887047868,48003713
1707927431,3143032
214183849,8015222
1302280863,21782363
282090531,39626435
2061696277,19514034
819627851,3958819
603776126,726506
1510886295,27844763
2002038013,23892380
1360677443,26827565
594981586,10260989
1451955122,14092572
795317395,33611474
1138124607,35841678
854172819,38801777
77596096,25232373
1565589764,31327092
1202272000,8666164
1427234962,10786024
817286562,29423875
652894953,13691660
2007716403,10899243
1723765105,45193353
919272254,13659890
646778392,19522214
80938036,11074356
1524808856,40131851
1901531819,43330732
1212561114,1925776
1659940427,26132167
1235339888,15888092
1783361279,19840040
953949756,31914552
1174567207,10106188
1328956322,6482513
2145859440,36304743
773966416,43789329
613184619,9467669
487623440,3304574
534154371,19959911
1701589386,22494037
1065800547,10935736
809478053,8967429
1000015382,16258654
341050644,4112447
534843393,28665502
134592962,15003763
1379040576,29713337
1132218304,29603843
1320483504,9538722
1602806318,15589508
2000347986,43205587
1910683521,10391751
383951014,15669010
1665696677,45871257
1139102111,9014918
436769483,29472342
2069216227,32096856
91887929,5217515
576546552,45746295
88163303,16099049
73907393,34807963
788713777,18102110
1133090317,26712352
2143227248,28548623
224267098,28046821
942814455,10577748
1164949475,43475707
11804308,29718666
1393369578,46201700
1652114233,26320357
1319378846,16428564
1677777034,37636264
544055958,18037590
789627929,37759150
588051961,25693166
55911496,43647107
669809445,22054956
2105609701,32603214
209985028,44473003
612447943,25260944
1772961341,1604659
119176309,16674582
313964120,40490032
616719593,15770555
1493034353,2423197
2130486935,34991211
1938473432,9355386
1024265947,19224020
2047751510,41732667
1607344773,22386000
640300977,32793795
656267377,31085444
1372045435,34592134
305837928,1660309
727492101,33642326
461089143,11246290
1410667473,11547553
1048300101,16549824
32792883,1404445
282122041,4249725
2038024888,7098945
79939928,453034
1052745011,19839592
1795889126,46028649
1579307701,23446487
1266859938,17357054
533439948,9280318
1750361100,43536178
571279585,33820073
1591838239,4023328
568456876,43179772
488408476,34610217
232027407,12821607
1684619539,37061057
1644815944,24646218
2038722327,14301216
1278603683,25273159
1630228584,388790
476753180,8231674
680255437,24039211
1815738315,19938676
1017830158,4800251
1443481225,18176545
1958422281,47401686
456580358,15309393
2080261623,9540540
1629106107,39145380
466902104,9800303
413268740,41986783
243573371,41237478
1363015883,12186135
1752012044,26751508
1067330822,42126602
1657113850,36845757
412881160,3177623
473014096,18770976
1545024767,14023567
1743573729,28935146
125407016,19610049
1668927022,5923543
875102499,9361280
1082824214,8451818
2028172074,37211893
991035709,39038131
260131815,24071323
754607970,14062284
780993101,16960105
342279873,36340451
489348120,42124609
216551209,1124353
1776661682,27638525
2049689655,21084523
1554283260,3249711
818349007,21140122
1502408473,3620769
556592677,20234607
363125294,26787365
316603753,41721650
1455221961,24076806
1074244722,46351483
1143931457,28617284
2119226014,8202892
1571669313,3924932
1840552452,21930556
674901639,25975167
586194492,38850589
1462667376,13736452
1057137462,32749821
2044857103,35250581
1615291178,30911070
1489953884,35212924
1700093004,7279992
415257955,24040400
2113087131,22605686
1462800416,36949693
568239235,17206084
1191484058,26062934
785858556,9146209
932084533,9159412
1158364571,21694523
305621118,22906977
1765356109,16352671
1824950572,43264593
461487257,40114340
168903539,43716747
2068506504,20126625
247613560,40908988
159254576,8955616
97337621,4074313
1640303200,6949902
1225680864,35209203
948842365,26080824
986204419,9119922
643179124,15939244
655716117,9645039
425415049,36528286
577073669,18343525
461558258,21915390
1463782910,22673729
395409620,24099557
1239137007,32089634
735457649,22725024
211801886,21032866
1744744506,9935686
83282816,18604385
1910784588,2656319
682559898,45540716
1113243853,2446228
1914600378,14367752
1624253744,39668734
1652870504,1823680
1666016762,35435017
500975214,14487461
1184189143,41952101
1533843141,46523483
1156586754,32808815
1417547769,40087733
650228140,1939301
503921694,32077111
768648619,28142521
1734582169,30074178
920938524,37915945
503702552,4752297
567177481,9615260
1747514957,23590991
897667109,17824375
1305598339,34191056
1044700555,30282601
567355690,16945528
944538945,38063784
1990984540,28138930
1702022349,13247955
1440716735,31409684
1772005623,36421858
243508913,17605976
1867066422,3976628
733988337,46516617
472401236,29483045
546825827,27845449
1004561781,21965310
304283775,17770458
546732136,38337321
287348519,11195288
328865892,9112996
1105923226,15036062
1502208709,44052487
2048141973,27953952
1389468202,22384248
354269196,46353455
1377591970,16177786
1156888333,38585815
1357279829,45595367
491865397,28755294
15525330,3368491
224757189,33992582
1146840738,10637491
730474221,2352232
1900909864,26526575
833522305,29644592
2067305346,736227
1417483552,1667887
1527530975,27402066
905285790,10947438
1231275179,10762232
350119945,34660406
1871098842,25939125
1742363378,46268482
2090552787,4610640
483753975,39184112
1137143171,38944090
2136033932,17045372
472434486,4358205
1370726402,8434644
686204475,11579904
2017029610,13117924
944989966,19489480
2040053635,45561250
973420892,98516
647183864,43468488
1808764133,3737298
2140015263,35424675
2145499088,40823745
830444553,1601054
799989470,41136115
1278968691,16813323
1425060539,46247153
1996236533,13019122
251831841,37649035
216780206,3611091
1660774367,6236606
2144756834,32554746
1879757367,17397520
1738991450,7263588
862920642,30842575
1795602202,6924931
876320481,12474140
1762541807,39162237
1013226239,15687735
1962934363,6824724
1910854293,30223509
80491904,29800324
984949164,33102885
817076262,44519711
1505089359,14501487
513181,40377193
307457033,41332949
2061764779,5234774
1780106336,3632602
1844114621,19555621
727532359,30748779
580272496,37782140
269914904,32597531
117092563,10589966
1053609274,35323803
1006345280,9680604
74950304,6425751
1193838198,24270100
1539005013,4771207
203692684,11284118
1814728524,8944997
946903325,45967308
1232501455,32894338
249351045,43436406
789346799,27473276
662131474,19056446
293116393,37983626
1878406837,24340815
1822429217,44985148
2101914095,867524
1919183481,3002710
1489598665,41966473
59231274,2327991
612043874,35934759
1992733806,24394051
641136684,26594077
684459129,28093433
407459979,20501174
1282052294,12664993
1397959564,36605764
1779027136,7761008
2134844617,25993384
10035828,21697259
1895867403,24682269
440363470,36501476
1522261632,41837024
1936367122,8375794
860288823,20387496
368363452,9759184
1859470905,35330688
2032277704,13514849
1702092683,44693029
176230486,7725224
669539950,31875281
2086128634,47793586
1562841966,12732662
165447134,35180193
712763144,20227525
130096034,40882671
1052075589,30757334
1032987045,26388292
1016956864,20704604
806383961,14425066
1978899497,43757623
20705034,45995956
233565853,17792996
288067094,34070831
512339405,24993068
216001876,7066249
559964053,37486766
314163505,5077178
32512316,37174984
769248851,7025916
622676850,26431247
2002404734,37808277
760049256,36227904
1577225037,11699624
140348256,31328285
1925723673,10746815
1701588334,5665547
2127422643,24886206
903554939,42205896
801932165,202308
974102108,292145
1177898008,12930980
1869756633,15723154
165983127,31973235
1025401939,6467224
1374758095,43703135
783029100,42976929
1982635176,44729527
911997927,18619035
1811771508,20862821
1797832781,41150156
1221036432,4955630
1041878888,19763961
1804866305,16671550
473576430,42556294
629137203,17707651
468941511,5523812
102338326,4598189
895293769,6907655
1747440698,15417122
650427189,25771649
380069021,23330803
903626058,27504982
1556454835,8649346
1823489756,22908496
1424964276,17488136
165778108,11055428
2133326148,11575416
712274610,29058301
1621317326,25343916
2058237724,35471386
2049961097,39171379
1315469276,8854465
1028350709,8229339
1060581218,20966158
834933020,10977783
586537093,18807156
449283120,43684551
663744558,3124873
1209060315,23715792
785585794,15343538
2131475928,28503924
1403947680,19611271
1320498730,14917233
1497846794,19970120
1998632037,14621434
65823859,36312035
816724903,27153432
2102079746,29168924
1503670205,24925604
993446420,40287659
1814641162,17966999
1333272006,37934056
198187683,33574710
1100991799,38927827
1223921706,39933903
1739584326,3600138
1406456924,34167420
1265639221,37872185
179525834,204435
249780770,22968670
510056497,15651452
1379738583,13898803
1820536462,35027474
1772558965,11832871
738483658,30944866
961267980,26358188
1028829115,7435922
322954553,46296545
580830667,26023369
2105852286,32966044
20029600,13723120
1278829366,37065442
1086942147,27644285
885754547,30303680
147102860,34488802
515955469,43128286
256617664,37518118
688863755,29036557
2042812302,18073490
455448902,7538568
820547235,8370038
1061801479,26742662
1055227118,17695697
298411266,5523317
1931757627,46398350
1303574893,9225722
1546500531,46718855
1795614622,32898561
121962462,6735743
1710219667,21215874
751935661,23010078
807676191,431534
1429986546,20523622
1011133267,29267657
1434896619,6100013
718644391,14392806
1002789083,7581131
737743331,7486196
1526747205,9020535
854875548,22368776
915162394,42765018
51604518,19777781
30166674,41502679
142016409,37975021
920788801,2588106
1447237480,31724961
765692781,38264203
1217802563,21649900
1968343855,8986798
47732956,6177118
368670844,14218494
1667192884,14284281
305568906,43584627
770099985,3942179
1162956646,15078183
111928340,34087320
628213771,38563430
1083668827,3920455
70572268,18444547
641552330,39419122
432684208,26793157
720890684,2124920
1784303360,48171944
1410476318,22767337
585908475,44908841
423141445,6695501
1439362849,5641911
844664347,4034512
439219669,43730286
952458019,19525397
814194004,14384776
982455895,17992114
1590373443,11178677
1985475842,16999211
108124387,12972938
1617137408,36216466
1852580754,36149731
38227338,12104024
1236175272,8663552
920741627,19721369
1320010275,18647241
927854113,21477365
1010864137,33693026
1188169213,6578266
1649549859,17539017
204026342,31609293
1688844244,35439062
1495482792,22567256
119226806,16623212
1560663307,45611222
1042260671,45560318
1207122523,40895331
337507689,9045397
521955696,4144310
280699977,511244
1706661278,42500600
184881813,18242118
478674114,17722981
1120674393,13361950
1461319494,25063740
1001461087,10393161
1957593320,9674308
878845901,7695508
43303881,13555528
1023559523,1245749
898203011,28356591
1725681486,42535731
1248739400,42234495
2058418470,34774482
1486489212,22632266
1838577064,30068689
6070985,22852093
1357148161,47055965
191377567,15877114
754268958,19349591
1104705292,1049760
698305523,13903256
193924465,41556262
1453766944,10898069
991016912,9985791
1799056940,1116252
1877377853,22628459
2014875162,30093768
882372154,41517412
2006608401,12678388
141900078,43432715
1245777723,27927741
579908624,31603911
1606727044,22353001
266316518,16973812
739467017,16831328
355535938,11983962
1858752827,8147235
1459680684,9988879
1121542036,9072704
867093886,3057955
158808629,29557555
1510713124,15793438
71759446,952018
2666652,19127800
795059117,28161520
1635734529,1548545
1570560259,8505976
738623702,20544357
725048491,34657742
497245670,27007840
1092333463,21981870
1932627280,47721644
1586315342,35549333
1964459818,12548620
1533408168,11751949
1219465798,14140002
363685327,8674300
786931474,25591613
1100965951,31616515
2124576311,3934110
679999868,31281201
1373498251,37903667
2070460953,11492816
150962494,44475340
1246585270,16417683
1753654937,15232409
925438335,21295191
62166521,35243515
555901035,5710780
1883696145,32975065
156595138,29941340
1695772898,36932249
2013408541,40611331
516212556,2488060
689743728,18908692
1305093267,41890828
1862848849,7716098
466159944,42753605
401398778,20914673
1506120842,29061205
2129202465,34311787
762074361,38621213
85638848,14223668
2099764343,19357030
1495126611,22488904
1567124119,2809328
2071930,27370979
1658170941,10464992
488815657,14587105
500838646,25118832
559298877,6571290
444244451,2421044
499404548,13171925
513129972,9381945
1654531953,17041184
1566801415,28336739
1987327479,18381807
476948252,45454518
745933123,27805288
1266857808,12900356
410510944,3361937
216963205,41041699
1656662672,42298722
931079153,11549750
1488245608,22938880
1734610823,4937645
63379920,46041681
1059294461,12981242
18045429,1691224
595939459,12418791
2014992605,481996
730035178,29828999
2025261850,20141151
2107751377,5821163
1710703034,27092102
718462915,12552494
799740613,34741253
1116352983,45398747
1695657865,42857959
23586750,41398834
925884391,41682685
113427359,984261
1892236371,15024473
1787322521,5662679
526399726,33005698
1729341905,40523236
1567108572,30172502
949618731,40210831
1813448113,33821602
89427159,13528092
1545662207,16853657
450769375,23884956
1417251029,10526173
669333382,7118804
212007592,19690855
2074827118,18256856
1674520710,35723546
1831067564,44337912
2119980654,10742742
116548092,47441128
1246974750,14498234
1814483196,22944101
475779483,42035112
1079724272,31135915
700212925,5897341
623595783,16049906
88629273,35585065
1573377605,7467535
2010192399,11104368
937238441,29590133
575596751,17161217
865525071,234373
492985141,11728939
513363441,15573573
1514632329,33064100
1654474728,14850605
1698103651,4894857
117864846,39736058
1520759814,42356586
432516399,12955320
567814647,13794296
998818893,40656101
681419015,38982104
1868336201,20735791
708135369,46569278
695289901,34422889
1363345018,3413816
2005287921,14620729
1273244004,16596236
1955614886,11025103
1432155265,14924746
383842691,21499829
1944127807,22570129
2063674040,20015385
1647654553,10064250
957807611,29278695
734437203,35225425
890707823,39444168
1795112460,9747225
1142973144,18122385
1942733658,22041266
1583152581,42853033
810866813,47878878
386442102,21968994
321281603,35158661
416906269,44851580
943853322,39729341
874302891,26223811
2140731938,24847565
674198779,44513964
1896475785,22761183
1961765898,37972604
415940645,19314332
1047097201,2212847
1877594152,15882300
1067098395,11554566
634331045,11506142
975367443,4482373
480851597,3008552
1484856965,6211187
437950948,43390056
185435567,13426654
1610320452,23863150
934199817,39084989
308682858,38754492
583411418,18471342
447513558,33606313
479177652,13205387
92343295,17392069
2026112332,11942621
906979721,29900041
336213069,9261020
679074896,35918932
420519707,38771394
130209120,37694491
1697989660,13197684
1340962670,16245449
1170778257,19794931
1360677928,18420287
516272311,9717873
63715701,28262872
1789535259,25454875
1627658612,19975329
294794256,42838329
118766330,23720981
1482496421,30238743
1151918483,15990184
2051419461,11325548
998625201,46296746
1023111602,4839779
902114155,34347071
1784003284,14439463
111665787,37729412
1725440304,35358523
1647077641,44814025
604357728,28717865
237474395,12724171
1563489982,5077028
718033664,33170380
556516545,9354421
2044769449,32387832
647980942,34803596
1033677406,30736075
432241754,35407115
740985437,6930450
980247693,24961204
1564588400,34260639
704346315,16091778
2015589007,46507264
378248729,11425080
583276025,33059873
1000745424,5120693
16377035,37393945
1807997703,45834487
412373157,21976053
1132116234,14059587
491238797,38014520
1270753287,4286124
1378201806,2765715
1755937906,12164009
1357967825,13580514
174076851,37122956
1228887863,336237
662882349,12624902
1597120941,36415836
357382324,15266960
20653466,18780849
1348064674,12120974
716913886,2550705
1238527714,27019175
1142115505,29175787
818826504,19038283
1708031664,2530002
1160333827,39680269
1177828269,8479224
810287611,24573235
1603965113,9897586
137834515,33812616
1150756360,15300412
552391057,41431362
68554865,8970839
148815721,3861471
799250686,15412992
2133535615,6492023
1899178209,28413535
1666736798,24342396
1721845898,23885849
85499528,23724317
677521913,5073807
935508630,39028825
169856050,32885224
860715236,37492314
1072732496,13152447
1796828348,5946418
783393259,26587595
881308545,45096999
1596088659,13610270
531833319,33138010
543505888,42108966
2000584028,14171782
1328234349,38426977
394827898,19818493
1920256938,35567806
1269542251,17272036
1929455259,34228950
1577179301,26289807
1713113385,5125063
57603686,6200288
351331050,5786277
1701117181,24262978
760116913,24595045
1658693785,25730
942007851,38823851
1554735767,33799987
584164925,28207195
297592436,29869033
325697320,14167795
651834084,35890372
1632557353,30205000
319452057,25936810
1419366371,36450141
1135859577,14800103
809173313,11856839
1493932041,2489700
676899080,46857757
1236765323,45829249
1955314717,345793
1660458173,2923357
1088021526,26567742
15118652,21463592
1450513592,21435141
1731908944,43678489
541504439,31164382
831302947,21388739
418350263,35316074
1163316433,14161636
940842254,42449378
1751360072,239598
420650664,38408809
1486929834,30940343
384755092,44418626
1662385103,29696258
1121140466,11058120
1360465324,42688491
589943737,22170889
137275078,29576561
183681243,5747629
483812676,1608914
661440419,25610840
1767129245,39609704
1785337401,25463643
920385595,5477808
1540481927,23244227
546261150,2819958
194039587,28555897
128130872,6044494
1964262681,42178036
986663011,3129608
264716265,6366065
1162241076,7792647
957184301,19501486
133629750,20370086
928777176,11347061
410025588,24085473
2122402736,38385317
985423081,25365917
852414479,7813676
1665816909,2975766
788232169,18190709
1972116695,12582561
1895560758,32042279
1910377123,42001664
564480285,28377310
1990048935,33511607
150069740,19135477
712724986,6424856
1740283876,31767056
360656492,43867671
292816482,3860605
1111781387,30978743
491048514,20296315
1654655678,41666147
138039480,11132012
531781161,6853794
2028433450,36368235
693711777,24793592
1769830256,3391519
278871356,20863063
219469142,15666051
1003411703,36831703
632676084,11720994
1722219544,12253955
1308565628,11578015
554572745,28548337
1476322553,6938746
1820718918,35495805
704532147,2076128
310568336,14096234
1770479433,25000822
330466807,16440149
1288080146,14497768
597690122,43862278
1167824881,19300336
69792430,28956613
1061211936,43016957
808578640,9484478
1479278577,28784972
1891418251,18817303
281514878,44540742
744889747,25461494
492771066,12678549
2040725785,13133609
482243145,6468993
1920199628,21385933
2106363286,1269340
140031872,35885461
2113049479,32247989
1438676404,16063958
148576934,15199839
592111721,15880204
159071987,29100267
301919813,43513734
1533558667,2866720
1489646598,21564667
2027698248,36067606
1175666078,9530589
146209214,23565097
797975693,40189568
761400898,28897272
927153725,4571542
770662295,21641136
296298437,22300345
1150039132,715490
425567041,27463409
74103433,1194258
19327705,36874181
1926564553,2278669
194694638,24803572
1708398459,45161314
1450261744,43056319
652598093,2401397
1028796869,1797436
1792515981,30789663
1123066550,42461589
495316407,21777227
2106338108,282660
575452180,34550480
1618642010,38888905
1733795208,34929043
1377931300,30264400
575355164,24352334
688885485,15168903
1929043439,28045635
1203041521,2060215
731902458,26509441
1096450417,37951135
429308347,26972375
814391272,4332675
1010756593,30695791
422246855,20815541
1503780649,45865779
649714233,29559721
1565222536,2437913
112348433,14387528
600220445,4307077
2075864965,20273679
1577280457,1162779
1293102918,3112081
1437169630,31395864
1315506288,264407
1291417658,32490027
1211468948,20770278
1664633281,27205003
977030633,4844447
1597167581,12440931
1779729821,4712588
1420022233,2054224
1716709296,40483974
1874406272,6619402
2041531962,36738869
1873556690,2134100
774503500,38924702
1439683436,28939203
452493012,5886866
144439544,4090379
1179136480,14605849
882871649,10394739
1071748769,11369004
912398552,6333275
570052095,14602729
437938824,41784939
2134232057,30922332
1783927062,31514332
1655885803,16862227
1832717665,14680703
679097441,28921118
43112697,46651849
494843479,43470796
1629643803,29503928
72051814,37327068
910820681,27833776
778061276,2928100
381934185,23596361
1959519835,22675823
1447263565,27752916
1194551803,2705517
651409426,3747743
2033311777,805199
399014201,30353762
2034080287,30438549
1403222059,39554239
1061556765,46584326
1482862649,1451166
1499144685,35893801
301218412,9091616
817882172,7942193
1633360830,39451264
1601879671,20942820
958270939,6019340
623230167,12779984
1074671362,35250416
2051279869,31357602
454253941,31677840
1398925521,2560059
1904612417,3819695
829153976,43311541
2057013095,1992080
2032154038,4023475
977446624,19428869
57764839,15392131
1039242162,45106551
1627975310,25241581
304573399,39222024
164890155,44091232
315134007,568759
524273030,9385583
2007928321,20955861
820907424,4646749
2041546283,16697030
2082273024,17617151
1310954041,27310910
2069530527,47616134
1621292754,46580693
2114491672,22881404
1673190528,30187765
263469624,11645849
1139540990,40236527
1561331479,23421476
705698742,15965435
680130950,26820565
207886353,20452887
286686392,35471316
1699110788,35358442
810516823,14310839
845826858,17871560
598266613,8276465
348660340,10030660
1016110949,21618954
1728243757,7404248
806061262,17662909
9472096,15120042
1786596222,23214061
1242521207,13371198
1582932667,37301186
922017943,15801089
1945681734,6299425
1105095930,32576385
1586453317,3677202
2138253674,6198107
1963232448,37863565
1763128315,6708538
903393249,11084901
1059381646,13871584
151107051,18847373
1206337783,42942791
865072886,17440196
64168627,22894113
1312764883,485948
1293710766,34862735
155632232,43504737
1767003035,40830373
1142959485,33058887
984224331,31885006
1364052091,4784463
1437432319,35456519
916444386,41184511
2036967215,30091560
276982395,22925219
108874736,20852783
720228169,14875474
382646453,30014482
85810913,41489194
532118845,32649336
1250547705,21286915
932373769,10173877
788094244,35959058
703054059,44217151
606267992,7207853
607490432,38488114
1817126225,19861189
1928560987,14309184
208140899,12363857
1755381255,6275252
123496330,28447349
1065197609,1583671
1138688286,8580210
709906232,40089452
894661113,8739001
1057868450,38501378
151240150,32498371
1444957178,30231086
62532222,46464250
1358957614,8243677
1971505485,1001396
147128247,45447176
193086515,13254315
949484998,20003321
378355474,20714206
230135526,40342742
1859768578,38058114
1659498570,18419659
208131019,8954364
1104202675,29599458
2062110117,38648801
397595362,19812440
1068054446,41919713
1758285759,24641156
1153017772,36984522
1544540742,35023887
846744260,9242378
105658810,17054015
1918233778,9225671
1714364025,14662871
940888397,24558416
1780897562,38097382
1191644191,5525566
248492702,28747691
1469324627,39065251
307316422,43197082
114473006,22128141
640559732,10836769
1915110800,44130948
525412783,11267639
514855544,9574848
548625967,36619923
1024522044,21496194
44341278,20754780
785284985,2500456
1106309851,39520478
1104061012,41579555
1175013181,5540294
2089270505,1476133
15685360,897628
896125994,23646670
618818301,28026848
1900590714,44047810
1929612636,43789431
1262173496,32126218
110912013,42746373
431878192,31760848
1762247308,36771014
1314192981,12226256
2115425991,5348522
621829524,29656824
1662488329,27728505
2101205247,13243816
707495147,1412901
1154986023,44261741
1689674359,33220295
2139587024,25876093
1744988968,34673353
1042857837,21508437
481920571,30324178
1405189645,45878543
416377386,39047494
307670221,45462713
1126999790,34501004
57616041,31270947
120078459,28074470
580262567,8297866
538653112,10886119
1477663242,42827325
1361656569,40908445
1060048694,45662421
916985784,7863851
644635974,31985248
596031245,1382883
1393728805,41029727
755831031,18969190
2076538456,44358313
1449261406,35057010
1153303479,22306753
1326807935,42231910
2058263668,6136759
571683257,34317444
1385743153,20709054
307243855,36467208
162722008,12523730
129657665,40295852
186049934,22132670
34060202,40683492
1009442335,33710897
845774066,14028557
1336134836,37476518
1220739030,29803882
360361183,14866952
284641506,12155822
81564935,29252414
499074363,10038757
1613919491,6994788
1493638592,14234492
1849860470,13135106
238681160,16597715
1329220620,27605672
1145919143,96306
392842694,24862422
1410663630,14371266
13555849,15087463
1732710532,12338009
2067984481,7779347
733637167,1267601
1073745213,40049085
1999031320,23805242
1706039642,36179027
335398362,44061039
232805623,42923387
720753525,32290114
1824838847,7690077
47093571,40286154
862560124,31849857
1374505946,38412886
737027380,37227942
770118099,40625627
2146132452,34468280
644687888,38328981
2079723566,1831627
555289764,37367606
1353979920,8801258
1146471189,20760210
1016932159,1428121
990790400,14753961
1656408967,18302224
1111649370,42641902
1429720483,40151737
719781230,27304461
490760531,34271654
1782750702,29337249
2031787098,15612556
1581516910,27195585
356431921,8688519
1619573441,30683682
1009126824,245735
74177304,28262029
1775694000,11810972
642177912,4010847
1700303244,4694938
1023589533,4423703
282077332,40285878
1643495358,24574719
729067389,5581193
1609083406,48066217
528493944,1775093
675845523,14494998
882223051,34761643
535680745,22333910
967094967,815883
1647674114,29556944
1349479780,25505555
770614342,24730805
724373652,21372615
1317025433,3382269
227106626,32448270
866792357,11377813
562958468,42666053
1813316595,29626720
1679797038,33600322
1706046814,25533509
2111453379,1598334
904363850,37574532
1908683122,36414193
404368978,44672303
260346949,29754993
1032429253,38783389
472246049,23475876
1402914692,38111536
1404122310,8638039
1207757591,1955474
1557962429,3096677
1757615130,44453895
317350729,40024068
611606940,2903621
379022420,30272738
797240914,22960961
1800836003,22437296
1451279123,19526120
1563807677,17307295
338149793,15492901
203831916,33363523
339032264,142431
1140561040,40400946
1407084157,38106747
1802493796,40565974
1605937406,42927212
1771457699,2724219
1673745979,11623036
1435604135,16850801
1474141102,46445468
74444849,14532757
1893376593,38902184
1558259403,7129641
2132892694,28943468
5460203,14935923
859652539,11617494
1662707704,17452129
1508291375,43270110
448593480,20541708
454725769,16148792
694533411,11053207
180435922,42244355
288431696,15253621
1115044441,25628948
641289516,25700199
754417738,16201124
1121018916,37576859
1621736580,24880388
275982455,44117599
1281262417,43833798
1731895459,27638123
698836059,8103790
64297561,5100282
1377003857,46122697
691610647,23821661
352695344,39714677
1112166288,47951071
1149561649,34568453
1828811427,31620721
849062809,11399432
1792488399,18100271
255881649,41190020
692866315,4204581
2146908755,44709785
998206879,30454621
389284421,43130718
770848302,27677701
351509644,27083159
66198672,29165699
933997906,4658368
317440703,28310567
1194802638,46956438
1766676095,25848699
1456852927,12427748
168061873,7570305
1632535663,27865759
2143457307,32727836
1183368100,5269571
1836987260,31275501
1486142922,7168170
310775796,46433566
1443160198,6231680
1657095390,15524959
1514701930,46104122
1386110645,43110496
2080732856,19566390
884581072,38966193
115235190,34240437
495434233,23178505
731705412,695309
1888437149,44204843
305204931,16018211
1618611548,27463006
1344317045,42035680
1952614890,42027654
2019233977,34908224
1294381215,17919618
1499681561,39681106
1402556914,30557691
1751861795,18390136
1536905602,35279453
345181085,20007625
781091788,6264559
126625232,32166185
905777338,18148192
1158353351,13100381
1571332963,19261035
215856971,34365444
1197116188,3688912
1755124940,26091816
1774178760,10122111
300891897,7093179
1434612372,16796215
621992624,4354460
1015033166,14697508
530966621,5060026
226501251,38417970
342322253,27208395
1387912675,24937333
303097019,35450789
654776229,42253622
1630279379,562281
861257947,5112449
392708749,20930877
646934273,38685435
985614401,25497036
1400727315,813638
2054918937,433851
1349173274,13887927
1744174750,10500658
44819727,30774550
1079412257,26136621
1037601470,13071604
224516504,29423344
924964672,16488673
1422467265,26476421
789459556,15933855
1917527704,5509126
1079740004,4180857
869119721,40957362
637794067,21111227
1532720435,18519672
379210074,38879944
1258074117,28361801
1410693848,20109998
1365429543,27431129
800161660,22811452
272101269,21513434
2049323264,4251306
715091350,17003348
799060558,7868638
1923881461,21677244
108195434,39847007
1815447033,14680617
1502052925,32993239
842493767,1868956
1340035112,15592075
441960828,4061438
2127805188,12547944
1112652101,39273445
1777078655,11559500
1013196130,5182237
578812738,12242866
1588977747,40964478
1466017476,133215
2140990861,832531
1796552926,42681760
645591425,29868009
1387473393,2718025
1346216299,9306881
1530092377,28319087
2145274131,7642741
1504911882,26882507
2017078937,46231643
330277271,34961525
922571639,28196595
2103497377,39878815
374132339,41538543
30955620,41906222
1596652528,17909748
123379451,27709097
354877396,39891249
1141177767,18209473
605498975,5412080
220865871,6164542
1420404974,32214522
1926691886,21219871
1616052461,32634347
1126911948,12419878
2081310524,2379637
2133393237,28347367
1023927094,17627859
1922533431,22849679
499179247,17985051
51938320,46543212
426907115,36722872
688439289,6780806
1524599064,15332460
784926776,3220534
572276102,34874223
1028325789,47473541
637677312,30822059
76666549,16776175
1373364071,34801015
378114405,12041434
697387932,32192979
1771970232,7255714
136698635,48325006
807142192,6690011
1313998053,12295088
552100552,39798240
233438004,29859816
89642504,7124701
1238100097,1930176
1278306150,31138345
930855206,6767348
1175285966,26813505
140851065,18540729
1476171977,40368173
739040077,27476496
853610632,39113252
1795806549,43292567
1699783975,44850354
1169355212,20446598
700653041,13997090
673964391,42415289
1329905008,15808421
1043816873,15217883
1533439228,20377606
1455109840,9211332
287469856,2451159
1715006792,12717731
97579950,24600138
69736057,14629192
167910682,10138796
202371458,36232629
1975170856,9652216
240960814,39572442
388529663,36788583
1574642598,40421967
1589908307,11101526
2010947351,33741660
1996436465,21436971
34931189,1460950
1534853725,32387210
2103009098,21252467
997431578,13175429
84813922,27772881
579683001,7169486
1084739465,29270704
127669549,16353347
738756568,22157893
496695416,33154252
1625609574,24675319
2092515389,1029381
2018383254,44643200
1435710094,10860069
621097518,38255031
17116587,84289
1432222552,19525390
775165856,36277889
1610557757,19540114
1313448605,17546699
171770953,26139290
878601301,32526144
610309719,23538575
434636426,13588024
163436705,9534188
1642957741,34543527
195410763,38939102
1752158034,31149408
2116880369,23563769
2071717542,551792
724659721,22763676
893831153,12271475
802310193,29938523
320002238,29065218
469128429,5180541
542526038,31742933
820090972,23455205
133899712,30582612
797838685,33526051
212198464,9963654
348876771,21545878
2072126984,25807406
1366986013,18736764
1497265174,7373935
128144433,2157877
677960831,28286783
28997795,530546
1010680130,34540645
1144508876,9304336
830125328,3731980
1537869655,12653097
453584379,37426869
1149417056,25077115
663287084,5531541
1598579219,35088970
292421346,27048798
1351967389,20948638
1917503119,14832586
700065514,8979063
1267880986,1711202
754595580,33165027
527014367,40436272
1133130522,10814995
1023245702,16294901
1965389750,19559744
1825341042,13462779
635695132,16920219
393075721,11031184
1079334814,14980116
1156712721,32752938
1634625168,23724547
1907477896,33122464
1296601630,29949919
788094431,45775338
930904558,10301810
1141989284,42948732
1010561361,35512645
36365027,9556473
1135450244,28410743
1919329512,21459991
635316564,22957471
1841041805,25815489
321906603,14195339
1835351538,11634499
1288194015,19313063
44324029,8349696
2037160701,30361976
1016727429,38082962
470133493,32643886
1436148540,9420852
403059334,34712299
1552761888,48814294
2101096113,14175749
598730912,21158638
26933231,7781699
1307861967,22104403
270906952,2928732
1400929225,26164471
1598027075,27027444
1115085900,20998774
723952442,30458644
1639333839,2641692
311107634,42166798
6577398,3455582
1466563606,1744568
1243101535,8660094
1582153669,17014210
763161946,43015869
2041378428,2508506
122310777,48224425
1442958573,22373031
1962838586,24031033
621561921,44626195
154613191,23115729
887806307,11653660
2124443830,11962633
1622538307,20559079
887752978,43760102
389079613,10432143
1836010798,2497619
1812071509,7232627
1688414695,5730449
1741159826,9259694
629568545,4046753
1574915383,1488100
180442009,14018629
747509362,14140763
231930234,35687244
1232916817,16910560
729870090,31317486
1030109165,2136730
889132390,3672243
282236366,8108062
2090700039,1228843
201055248,22679917
1189625937,44399994
234192264,18930953
1034203889,29384364
581397504,30309841
1720483809,42830816
1337708357,31616330
67089566,27987055
1354938804,6398749
587851618,16697361
618695913,8799456
1022420757,12329909
1918044574,28666827
1188860608,35599185
263984874,1171274
1107722316,17021079
827203118,10434711
1413196778,16927755
1758659969,24467757
1530348286,14953366
1380340436,21127299
1830661783,35173148
1393743223,5350801
480461629,36693410
750535553,9763714
2105023395,34060079
264664705,45630646
1979931149,18567908
725076297,37703100
1755781698,29851083
1887367976,33447926
1300979382,47732494
323620345,13692272
225991333,31470344
151767499,26485390
72651203,36313769
616199251,42260689
356854390,48727004
1221021840,285292
1304034123,30542702
108037369,43608899
1854628310,7882623
1744933255,864418
1866274078,23105930
504043833,7491339
2082076341,8790752
148632090,29792022
1576456949,31937623
760981960,34477908
1974738442,6437176
525698425,9362643
260069838,37219758
1670044894,28895747
669797783,45150816
1770249214,23336538
466909708,18414289
1534568373,1860894
480956393,2770875
604747875,42969492
247938980,35585709
491413869,35514231
1903089822,31956387
1790014943,4415838
122316130,26240258
321543978,10340827
1137459605,42020591
1385520858,4999232
795998482,43255434
1383888094,36932516
468372015,31128019
88594602,30900097
1410567660,10711654
40908491,38801485
2114376954,10655827
1649933394,5799494
676115435,6786278
842894693,42089242
1019955915,31097762
351482320,1177703
2111464986,9658570
880673910,18323687
1606986046,10961770
300368947,14940317
2051568929,35749917
999761287,7511308
1142235055,41801140
1904699622,42984216
1926315178,26051978
1497445622,24753808
293149344,31026122
1066152649,19477998
570031313,9101668
1567718314,11998722
1019052648,22465586
1053686121,11025917
1938125537,37392371
1753948023,7078299
5149608,26107096
376246033,37408766
1192274646,34426080
378616992,11767930
624917154,45342122
1778033056,37549410
875498717,11870063
1241211907,5793308
1749570880,32249219
534143403,23127824
883881569,42249043
1291687640,35060398
1715071327,8632309
82988051,41986436
507366193,46790266
412526212,6166612
132927805,41008548
690122198,34777527
316895145,12760546
1872501987,35478850
1643620295,6478259
886779816,6116546
1039038516,26788256
1746205662,20988575
602020124,36472478
1461450381,26105778
997573735,2635166
1294359814,42135109
761490111,16974386
1527528712,28656405
2090294173,15775431
277248385,21629631
1340699060,42789004
1502376061,29287011
1093181664,27008976
1499296427,3554073
671954941,29749813
1969742960,20542577
1424738928,34221526
1004609129,32264195
442797407,12188994
1681896366,11877888
1580439748,45212912
249366252,17915459
1980582945,44757830
971938966,32871608
987026989,24517529
1645508690,12716757
757144677,33318990
1268769573,1361819
1696196745,46315169
1257785,14796900
1484819245,26680696
1388662654,30597955
636912378,33735903
1200555803,21093961
118375419,34177196
1770453587,24751378
350527067,18163232
1122508880,45686081
1738729842,8936162
76063161,760261
47158458,21686596
726757584,16569645
1493424939,12884793
1072055317,6538574
1784875135,3067072
1040017632,40389284
1392432372,18824774
909127116,29336291
827726394,18659799
1098922326,33585826
1461706190,44016928
690551821,40774765
427375210,26526870
1312446527,34026564
848581954,10979122
1479710173,39868830
1158351226,9308283
857937585,42451735
889398383,13331244
1125482656,18691849
1662980545,42285062
1368009563,38220143
1687130255,11436625
1623384046,18123051
1523983812,21277258
1344932064,18973804
264738263,37775968
613886312,16675024
1131527270,48522449
1593819793,21842527
42323522,1152604
244400081,23827486
1454051706,24265888
1073703374,10163025
1434967441,45132336
1084077028,21652213
1811060976,33917543
97075682,8186005
2049878637,19340560
609557927,45312670
2118640537,22238776
772820574,9149477
454576310,30403112
777091207,43052842
653299017,21747126
1042743186,41542280
1217169700,22202040
1207250122,2861177
1996020221,37586896
1005472094,30290303
1643914860,11717404
1241750749,41117900
1425732038,10807435
908455284,34106525
1638717547,30191646
911080236,5419610
245467192,32600876
1204676321,20282827
709190899,45041782
1744862080,1180181
1918360487,41321577
1344839103,40144143
1326617744,8102386
998818197,24733042
2024731284,36093677
1347428608,21951350
835774972,4525546
699219439,25986774
1262119935,24693566
209049581,27119030
2124669217,3566445
2001564721,37121208
2071210973,18003816
852704648,25318122
253583470,37632875
1070188655,25005211
713185402,38915309
1567721120,1075479
318470911,6123104
255901688,15855543
1129938643,34935678
1424510231,19268660
264448990,19853352
132489921,25110667
1107780094,29670345
1901004693,32014211
1203860975,27406234
1142113285,35575875
1129429071,43773057
599036077,24936130
200582245,10841709
524416580,9402712
1934229547,44319162
787170108,7123211
968470048,27452509
1522314619,44378225
1443158011,13731766
408794176,31260595
1298711544,47097506
36849759,18777585
380038502,906778
1133663547,42683122
1256976573,33741199
1010002096,34570257
1659897895,45185997
132258958,41136804
682307156,40251095
2066854946,15132892
910750522,3443506
1950973678,26787051
1136682157,40566350
935166347,2994226
93665383,47795821
618147871,16873652
316627171,42738045
671513959,19418178
462951203,28609815
144524710,32420785
1079138094,29187319
568873521,25538499
1729294003,35338997
859980212,17523064
476919016,33872427
1399150490,35128031
903247415,34170168
1380998187,5902021
1294895949,13633377
688821677,40992733
677328589,6186793
1881438453,15245757
1754306705,19971850
993659832,19656447
32638361,36198591
515581783,8048225
750917663,35376963
1289259843,6841208
1542102359,18193863
768694864,29365769
295121444,30350346
1965723498,10945454
100610446,27292311
1675304792,40519654
788639531,26361731
1469190191,47072066
1086685621,26031912
2139225250,43137626
175656364,4899747
27870347,8154632
1537170513,31723886
1837005818,20480968
84405817,32952843
717475057,19398540
1484098101,13959549
1710136076,20853878
1560069411,16243989
1746480690,5481026
1381523950,34099418
2079037024,17569071
364274381,7684928
2091434754,9840024
748798953,12997150
417535915,17512785
1235044971,38459729
1356478673,6546782
1033287069,16097864
265465161,17293518
1486075932,29429529
575900990,18072665
1676626801,12628788
1048073965,25602919
1477839540,3279380
619379482,32798980
1332574136,20035967
1154700918,38834933
584416994,42320227
2129899467,6866586
1113992376,2126169
1912467905,15935178
1558445312,39979726
1709437305,41184778
2005284845,2201545
285946155,38216857
892564823,46692628
1999605295,40825905
1840876629,8357576
267858759,9943416
1722218659,40258659
2057680085,10094521
196942129,13902477
256217037,1469489
2076935441,10209858
1999816124,914751
2076370422,31565859
849505778,6591647
1276225678,30595338
625142129,28522262
1792016264,1487485
815391918,8480115
487429030,18049965
1897452640,44258936
1946270616,44239639
2004697443,7455595
792193372,22716469
1461290290,28579888
1120931614,31342250
209988785,30991034
84070532,24851687
792531498,34500086
1466051838,35784097
1586311193,33792952
1443519091,36076144
1407261706,8488240
532286234,30440536
875444277,37051785
1132419329,40226762
169924430,34023798
1898495626,21877003
1011078321,15946474
1566722014,9595950
1969346241,24256626
1024855809,40938060
1044996306,20478572
300148624,13233552
1844400215,43641966
1067927661,1239962
640672904,23986071
478593354,404731
1971896441,18307714
1697294554,22962050
194567280,16073591
14685760,15964982
775594946,52074
1492219470,38545192
632638065,10253841
1936159281,10110939
33817177,41062479
213439290,13929131
1136356907,34976887
1188464475,21602805
1943060459,5663925
548700542,41236860
1071353921,35568642
201613561,39473420
479326775,4207118
757508939,37254809
912900119,2700230
1204691003,37298304
1408285202,42628727
1748875356,35793058
2114709216,16816678
1477395136,35205907
2070862888,17232651
1206090150,7657213
815763667,25348616
636515419,23655279
904214057,31255594
271573574,31715507
583304572,19304111
115172114,34629864
1109804924,1153377
338607032,11952098
262214459,13209818
1343997378,33135705
1168740391,19319663
1002275321,31353326
188165434,41300474
549721982,23531464
13810270,1912197
1966015500,6894687
1255874891,16267678
879147391,9428789
639095842,23850683
644409709,42918786
744216431,26705506
923885506,42328174
2130926757,14224527
1702619561,39939077
2077327239,13012038
1813254872,18868710
603314,22639670
1139907613,18829456
1462046575,42484145
310035446,41500158
866729893,39682712
1723670393,29082279
1662666428,37851999
1598529424,11717197
1961394909,14893845
1413459553,8721023
1803854013,47525963
2051910093,26074034
1237711608,43034580
955905528,14647630
856612700,34338961
1304351479,15028626
2084557965,33420248
615812936,20319937
412948933,8925225
970295022,40523122
651789852,2186015
2030114890,31660902
1387843214,1261712
1055093477,42668581
761124805,31650245
865140960,12378202
1992962757,4205229
2098523317,8312676
19334151,33502198
581069262,4488423
1555470862,4707194
846700750,24962338
1759043869,27199784
1981736391,1393046
170876718,3200603
879583320,30662973
1397536621,2037576
129965179,20598469
1192605002,27552697
251228922,7122103
1238898356,33460640
1102017109,35324935
548607382,38343192
437473914,44915743
645145248,20639171
2046973849,1980729
1574845881,48356210
1987666182,37238494
819035017,26568620
1968196713,23306396
457792259,13120312
1217315221,14684594
1816660037,33754525
1046153021,3265993
1027307874,7822077
1458614920,6348984
1723009004,41949889
985125128,6175418
320094880,2957815
1818549757,15058465
1794355873,31758944
1182480093,23646103
1253865296,23438507
1163754152,40255187
690757040,18661793
1968287716,3892368
178901494,1939942
779448178,17750046
433865661,20206788
522506128,17972903
1730111858,22842856
1153507500,15813180
437665247,44259173
2077710984,21019994
499157490,41685161
1056424078,16095800
2094340763,29338905
1127884712,7938995
598772021,22306072
293321906,14401209
1511802934,22207744
651126788,14368613
1896602639,42049042
896663620,24024877
1576289277,19913985
688936958,24607221
479884803,35816229
332174626,12015175
1089375229,39499982
595477621,1915435
1922550637,22769219
1209629994,20305658
1899404884,31631674
689182004,8494962
430621156,6760426
573622041,12278175
1428662973,10335161
228045242,18381767
768188637,28662441
919939413,34340053
2071108961,29421159
765605236,7623491
205794295,13856855
451860145,23270933
389254541,27909350
222945080,8194088
458682370,11384747
278039129,11479605
400220959,18236113
1636322057,26208248
70904939,37160274
1557541129,37324668
1176796937,21393536
1918520817,43380671
404990617,9750111
1584345184,4761384
2127547586,22432321
718200870,11380066
503441159,196451
1522883469,40031279
656829103,37532175
1825588312,38688700
1925628019,16135224
1917159237,16483281
1045737293,20476501
1010725931,46629410
1057504299,9719296
1352696610,32845152
2120169420,20921629
1661002035,4429873
1863970879,16697255
1883517059,3141510
970061299,41931077
307741861,33319459
139925492,25365883
1447502349,41005408
1077415466,1069222
1079412715,16525947
732559655,27492743
1604029643,33152712
675261564,36601832
1079658754,7505535
1162128945,48387290
1591530518,15129281
419979587,35774442
441283925,615172
811808879,6013001
1566132188,42892096
1230395899,14679666
1349973145,40216053
1582918411,45386793
1953501873,7595702
363936828,14137163
967302248,9391311
1169725037,4636822
635426720,29924994
582324215,20324087
1869369572,39879035
1519401781,23616514
1371032972,17102353
1534910358,84390
1760235933,7668126
1007019534,8705748
282045677,43309538
610270417,28711938
1870022469,39616129
556026510,3598846
282897271,27891372
1701666360,37476322
456206820,29716904
1571909877,22199411
919465378,33435140
2090615912,19578808
239640082,23682395
344335909,19672055
859274173,44777890
1826701813,19374538
1284285054,12664798
184540592,8986851
950816038,9753941
1624949961,2975435
1981060358,649407
2079508163,18964492
1437660399,14350533
921899048,30638718
648106838,19185536
546765944,2519346
1455809756,7011219
2086978827,31313494
934488913,34795569
1347072942,35121313
535962290,37016083
373178867,30474632
81945203,4770147
139264857,43543813
1115036717,21986065
2079951456,17056676
1606293873,8725650
1173524986,21894333
1925307864,5538535
1969167691,32470387
919490181,14567066
1490325704,13735390
865442778,15696694
1075300188,39230377
1502692763,30153412
1167730371,7757111
592144195,23771681
1707941878,513040
1668596564,39563640
1479213552,19890356
1934168687,21094623
395308430,43536839
1524814836,6902635
1145497571,15740915
747235420,20518767
260105364,36017206
1051817564,35389962
1707721881,44682561
174184608,7711468
606591990,44666706
1790767904,7634297
228030886,21649697
1903745145,24067925
690023172,39318407
834675891,17361808
1897364457,22235500
851709109,41300237
1432725171,4606707
637157127,37593536
1002609771,44906449
1664244261,1765549
1888143699,18148160
785072836,44182824
391234021,42448403
950900627,24637298
680576870,5638844
1806903214,7011946
180078780,35997951
166516369,26694204
1399092321,37319446
20625318,10173987
1016242026,22762641
895915199,41807299
303194240,14808199
598097609,32330209
1480698713,46826489
1179059409,12001554
449023004,36665792
28315401,36144664
1082557979,38377317
1549923926,28835250
1863667731,24114791
1936486439,1965682
1305129725,2606972
1417147250,1074850
1164158990,20902381
998393594,23064624
379631415,22058277
1283709970,40214519
2137801371,40757008
913731686,43905127
357789168,369674
474052134,4189945
449223774,26366798
1577203317,15503970
1642072889,29087262
1025870964,28871048
2016361594,36335121
657828865,21474448
1344874727,8903315
1525509255,45829647
1760886126,14020149
2013641040,36220280
575305125,9156512
690511200,16239735
346983698,31937526
835568306,13085749
1253771879,9411657
30999662,32086298
702021179,11104582
1419273442,9278080
498494070,11478251
1900560867,18077927
599292128,32272375
1599567355,38141110
310353509,24285029
1944948226,29022718
2100035633,45228789
315129893,30511325
1188475928,13824466
1946515759,35714295
189860397,28531651
1860793426,25417967
718703605,42614624
128323508,25144055
1455373409,11239673
1344705421,31508414
1056778258,9806109
36450259,23902986
1340723162,39038981
203457401,29283212
206389858,19097019
2058509181,41867015
1783211610,28809979
538906942,17668296
1932879035,9967961
899031983,8888578
161359660,22569779
791207230,29687942
440655160,2661696
1352085264,3041637
2133241779,5259707
1940076231,16085424
1129909391,45371814
2081448139,30798200
1298037063,15445880
809062731,9039531
228274737,28708513
2042918322,39325300
2021966053,20968204
1772905707,7846759
1485671228,30707519
1327115949,41874131
952179958,3476949
820409590,6263133
1135623500,3639759
993045904,42626540
1737760647,20039012
690003543,301918
568216823,10949378
1422856161,24190434
1968465470,25153191
1681357380,12397380
1437790674,24378488
1547755719,43882876
1141054211,20304227
481605746,36373274
170846154,30241108
691651457,776986
1920930251,15022063
847962582,22577599
1422136694,3465144
450538314,32547769
2134733467,33030495
1041846634,22245477
1847339053,28357496
252693566,6525079
769664033,22920431
568820139,36191919
1213372869,20565587
1776545354,16979330
165200206,30440792
76138463,20220396
1094000638,17870652
1726460483,41286982
1634106584,36717512
996662864,10821523
869322144,25866833
1226880809,24800081
154409450,6431103
1502945599,47299314
1971386115,23614730
1449852524,47591939
376706522,34794047
793915326,1237245
1446284136,46038908
358151918,6284281
1733776026,30688509
1255705928,45718525
158177105,31067413
775553592,22431888
132764109,26857087
1795176550,20677112
458968879,27758624
141250336,31298076
594786934,14561267
1096543877,19580279
193428884,17211317
1133499260,16402961
1287615701,22371476
1402674973,33173375
1514030702,40479702
141279579,20724284
1007996426,45018989
1345995920,1949709
634083504,45567256
1914321864,37032334
79312563,8195518
386995963,10667594
2087820034,3187269
2010286340,25498559
1515347392,798266
2062852190,30527583
1868294914,31396717
561703237,45041787
27926562,33233548
365546944,11594330
273648163,19701079
311826249,44491975
881203310,26324017
1031098571,743089
1859514173,23341339
1904359892,16780460
275262683,33885914
1242266897,30514691
1696230471,18277674
2103793743,12664385
1483578286,42433489
2072954040,17706311
199150770,23907168
1021479157,23319872
289401335,10057057
1880839579,25743001
1091829226,39290499
420627635,26631274
1910832656,25381156
144472636,39647597
401755902,45486718
517946260,3975965
1404502479,26391649
884595880,3606427
1565482774,17122547
152111866,31885285
422675999,13975158
946550540,2321246
1370207576,7554234
1513209651,5374368
1540053816,3087622
1211398909,41585210
1411419095,20240451
783608484,39912021
67001123,2125607
1875762520,37899522
780472426,40804241
732107641,35798194
873340274,15695097
1297437712,35659379
694853998,31206935
1886987043,9598270
1100632800,20128938
