"","x"
"1",1
"2",2
"3",3
"4",4
"5",5
"6",6
"7",7
"8",8
"9",9
"10",10
"11",11
"12",12
"13",13
"14",14
"15",15
"16",16
"17",17
"18",18
"19",19
"20",20
"21",21
"22",22
"23",23
"24",24
"25",25
"26",26
"27",27
"28",28
"29",29
"30",30
"31",31
"32",32
"33",33
"34",34
"35",35
"36",36
"37",37
"38",38
"39",39
"40",40
"41",41
"42",42
"43",43
"44",44
"45",45
"46",46
"47",47
"48",48
"49",49
"50",50
"51",51
"52",52
"53",1
"54",2
"55",3
"56",4
"57",5
"58",6
"59",7
"60",8
"61",9
"62",10
"63",11
"64",12
"65",13
"66",14
"67",15
"68",16
"69",17
"70",18
"71",19
"72",20
"73",21
"74",22
"75",23
"76",24
"77",25
"78",26
"79",27
"80",28
"81",29
"82",30
"83",31
"84",32
"85",33
"86",34
"87",35
"88",36
"89",37
"90",38
"91",39
"92",40
"93",41
"94",42
"95",43
"96",44
"97",45
"98",46
"99",47
"100",48
"101",49
"102",50
"103",51
"104",52
"105",1
"106",2
"107",3
"108",4
"109",5
"110",6
"111",7
"112",8
"113",9
"114",10
"115",11
"116",12
"117",13
"118",14
"119",15
"120",16
"121",17
"122",18
"123",19
"124",20
"125",21
"126",22
"127",23
"128",24
"129",25
"130",26
"131",27
"132",28
"133",29
"134",30
"135",31
"136",32
"137",33
"138",34
"139",35
"140",36
"141",37
"142",38
"143",39
"144",40
"145",41
"146",42
"147",43
"148",44
"149",45
"150",46
"151",47
"152",48
"153",49
"154",50
"155",51
"156",52
"157",1
"158",2
"159",3
"160",4
"161",5
"162",6
"163",7
"164",8
"165",9
"166",10
"167",11
"168",12
"169",13
"170",14
"171",15
"172",16
"173",17
"174",18
"175",19
"176",20
"177",21
"178",22
"179",23
"180",24
"181",25
"182",26
"183",27
"184",28
"185",29
"186",30
"187",31
"188",32
"189",33
"190",34
"191",35
"192",36
"193",37
"194",38
"195",39
"196",40
"197",41
"198",42
"199",43
"200",44
"201",45
"202",46
"203",47
"204",48
"205",49
"206",50
"207",51
"208",52
"209",1
"210",2
"211",3
"212",4
"213",5
"214",6
"215",7
"216",8
"217",9
"218",10
"219",11
"220",12
"221",13
"222",14
"223",15
"224",16
"225",17
"226",18
"227",19
"228",20
"229",21
"230",22
"231",23
"232",24
"233",25
"234",26
"235",27
"236",28
"237",29
"238",30
"239",31
"240",32
"241",33
"242",34
"243",35
"244",36
"245",37
"246",38
"247",39
"248",40
"249",41
"250",42
"251",43
"252",44
"253",45
"254",46
"255",47
"256",48
"257",49
"258",50
"259",51
"260",52
"261",53
"262",1
"263",2
"264",3
"265",4
"266",5
"267",6
"268",7
"269",8
"270",9
"271",10
"272",11
"273",12
"274",13
"275",14
"276",15
"277",16
"278",17
"279",18
"280",19
"281",20
"282",21
"283",22
"284",23
"285",24
"286",25
"287",26
"288",27
"289",28
"290",29
"291",30
"292",31
"293",32
"294",33
"295",34
"296",35
"297",36
"298",37
"299",38
"300",39
"301",40
"302",41
"303",42
"304",43
"305",44
"306",45
"307",46
"308",47
"309",48
"310",49
"311",50
"312",51
"313",52
"314",1
"315",2
"316",3
"317",4
"318",5
"319",6
"320",7
"321",8
"322",9
"323",10
"324",11
"325",12
"326",13
"327",14
"328",15
"329",16
"330",17
"331",18
"332",19
"333",20
"334",21
"335",22
"336",23
"337",24
"338",25
"339",26
"340",27
"341",28
"342",29
"343",30
"344",31
"345",32
"346",33
"347",34
"348",35
"349",36
"350",37
"351",38
"352",39
"353",40
"354",41
"355",42
"356",43
"357",44
"358",45
"359",46
"360",47
"361",48
"362",49
"363",50
"364",51
"365",52
"366",1
"367",2
"368",3
"369",4
"370",5
"371",6
"372",7
"373",8
"374",9
"375",10
"376",11
"377",12
"378",13
"379",14
"380",15
"381",16
"382",17
"383",18
"384",19
"385",20
"386",21
"387",22
"388",23
"389",24
"390",25
"391",26
"392",27
"393",28
"394",29
"395",30
"396",31
"397",32
"398",33
"399",34
"400",35
"401",36
"402",37
"403",38
"404",39
"405",40
"406",41
"407",42
"408",43
"409",44
"410",45
"411",46
"412",47
"413",48
"414",49
"415",50
"416",51
"417",52
"418",1
"419",2
"420",3
"421",4
"422",5
"423",6
"424",7
"425",8
"426",9
"427",10
"428",11
"429",12
"430",13
"431",14
"432",15
"433",16
"434",17
"435",18
"436",19
"437",20
"438",21
"439",22
"440",23
"441",24
"442",25
"443",26
"444",27
"445",28
"446",29
"447",30
"448",31
"449",32
"450",33
"451",34
"452",35
"453",36
"454",37
"455",38
"456",39
"457",40
"458",41
"459",42
"460",43
"461",44
"462",45
"463",46
"464",47
"465",48
"466",49
"467",50
"468",51
"469",52
"470",1
"471",2
"472",3
"473",4
"474",5
"475",6
"476",7
"477",8
"478",9
"479",10
"480",11
"481",12
"482",13
"483",14
"484",15
"485",16
"486",17
"487",18
"488",19
"489",20
"490",21
"491",22
"492",23
"493",24
"494",25
"495",26
"496",27
"497",28
"498",29
"499",30
"500",31
"501",32
"502",33
"503",34
"504",35
"505",36
"506",37
"507",38
"508",39
"509",40
"510",41
"511",42
"512",43
"513",44
"514",45
"515",46
"516",47
"517",48
"518",49
"519",50
"520",51
"521",52
"522",1
"523",2
"524",3
"525",4
"526",5
"527",6
"528",7
"529",8
"530",9
"531",10
"532",11
"533",12
"534",13
"535",14
"536",15
"537",16
"538",17
"539",18
"540",19
"541",20
"542",21
"543",22
"544",23
"545",24
"546",25
"547",26
"548",27
"549",28
"550",29
"551",30
"552",31
"553",32
"554",33
"555",34
"556",35
"557",36
"558",37
"559",38
"560",39
"561",40
"562",41
"563",42
"564",43
"565",44
"566",45
"567",46
"568",47
"569",48
"570",49
"571",50
"572",51
"573",52
"574",53
"575",1
"576",2
"577",3
"578",4
"579",5
"580",6
"581",7
"582",8
"583",9
"584",10
"585",11
"586",12
"587",13
"588",14
"589",15
"590",16
"591",17
"592",18
"593",19
"594",20
"595",21
"596",22
"597",23
"598",24
"599",25
"600",26
"601",27
"602",28
"603",29
"604",30
"605",31
"606",32
"607",33
"608",34
"609",35
"610",36
"611",37
"612",38
"613",39
"614",40
"615",41
"616",42
"617",43
"618",44
"619",45
"620",46
"621",47
"622",48
"623",49
"624",50
"625",51
"626",52
"627",1
"628",2
"629",3
"630",4
"631",5
"632",6
"633",7
"634",8
"635",9
"636",10
"637",11
"638",12
"639",13
"640",14
"641",15
"642",16
"643",17
"644",18
"645",19
"646",20
"647",21
"648",22
"649",23
"650",24
"651",25
"652",26
"653",27
"654",28
"655",29
"656",30
"657",31
"658",32
"659",33
"660",34
"661",35
"662",36
"663",37
"664",38
"665",39
"666",40
"667",41
"668",42
"669",43
"670",44
"671",45
"672",46
"673",47
"674",48
"675",49
"676",50
"677",51
"678",52
"679",1
"680",2
"681",3
"682",4
"683",5
"684",6
"685",7
"686",8
"687",9
"688",10
"689",11
"690",12
"691",13
"692",14
"693",15
"694",16
"695",17
"696",18
"697",19
"698",20
"699",21
"700",22
"701",23
"702",24
"703",25
"704",26
"705",27
"706",28
"707",29
"708",30
"709",31
"710",32
"711",33
"712",34
"713",35
"714",36
"715",37
"716",38
"717",39
"718",40
"719",41
"720",42
"721",43
"722",44
"723",45
"724",46
"725",47
"726",48
"727",49
"728",50
"729",51
"730",52
"731",1
"732",2
"733",3
"734",4
"735",5
"736",6
"737",7
"738",8
"739",9
"740",10
"741",11
"742",12
"743",13
"744",14
"745",15
"746",16
"747",17
"748",18
"749",19
"750",20
"751",21
"752",22
"753",23
"754",24
"755",25
"756",26
"757",27
"758",28
"759",29
"760",30
"761",31
"762",32
"763",33
"764",34
"765",35
"766",36
"767",37
"768",38
"769",39
"770",40
"771",41
"772",42
"773",43
"774",44
"775",45
"776",46
"777",47
"778",48
"779",49
"780",50
"781",51
"782",52
"783",1
"784",2
"785",3
"786",4
"787",5
"788",6
"789",7
"790",8
"791",9
"792",10
"793",11
"794",12
"795",13
"796",14
"797",15
"798",16
"799",17
"800",18
"801",19
"802",20
"803",21
"804",22
"805",23
"806",24
"807",25
"808",26
"809",27
"810",28
"811",29
"812",30
"813",31
"814",32
"815",33
"816",34
"817",35
"818",36
"819",37
"820",38
"821",39
"822",40
"823",41
"824",42
"825",43
"826",44
"827",45
"828",46
"829",47
"830",48
"831",49
"832",50
"833",51
"834",52
"835",53
"836",1
"837",2
"838",3
"839",4
"840",5
"841",6
"842",7
"843",8
"844",9
"845",10
"846",11
"847",12
"848",13
"849",14
"850",15
"851",16
"852",17
"853",18
"854",19
"855",20
"856",21
"857",22
"858",23
"859",24
"860",25
"861",26
"862",27
"863",28
"864",29
"865",30
"866",31
"867",32
"868",33
"869",34
"870",35
"871",36
"872",37
"873",38
"874",39
"875",40
"876",41
"877",42
"878",43
"879",44
"880",45
"881",46
"882",47
"883",48
"884",49
"885",50
"886",51
"887",52
"888",1
"889",2
"890",3
"891",4
"892",5
"893",6
"894",7
"895",8
"896",9
"897",10
"898",11
"899",12
"900",13
"901",14
"902",15
"903",16
"904",17
"905",18
"906",19
"907",20
"908",21
"909",22
"910",23
"911",24
"912",25
"913",26
"914",27
"915",28
"916",29
"917",30
"918",31
"919",32
"920",33
"921",34
"922",35
"923",36
"924",37
"925",38
"926",39
"927",40
"928",41
"929",42
"930",43
"931",44
"932",45
"933",46
"934",47
"935",48
"936",49
"937",50
"938",51
"939",52
"940",1
"941",2
"942",3
"943",4
"944",5
"945",6
"946",7
"947",8
"948",9
"949",10
"950",11
"951",12
"952",13
"953",14
"954",15
"955",16
"956",17
"957",18
"958",19
"959",20
"960",21
"961",22
"962",23
"963",24
"964",25
"965",26
"966",27
"967",28
"968",29
"969",30
"970",31
"971",32
"972",33
"973",34
"974",35
"975",36
"976",37
"977",38
"978",39
"979",40
"980",41
"981",42
"982",43
"983",44
"984",45
"985",46
"986",47
"987",48
"988",49
"989",50
"990",51
"991",52
"992",1
"993",2
"994",3
"995",4
"996",5
"997",6
"998",7
"999",8
"1000",9
"1001",10
"1002",11
"1003",12
"1004",13
"1005",14
"1006",15
"1007",16
"1008",17
"1009",18
"1010",19
"1011",20
"1012",21
"1013",22
"1014",23
"1015",24
"1016",25
"1017",26
"1018",27
"1019",28
"1020",29
"1021",30
"1022",31
"1023",32
"1024",33
"1025",34
"1026",35
"1027",36
"1028",37
"1029",38
"1030",39
"1031",40
"1032",41
"1033",42
"1034",43
"1035",44
"1036",45
"1037",46
"1038",47
"1039",48
"1040",49
"1041",50
"1042",51
"1043",52
"1044",1
"1045",2
"1046",3
"1047",4
"1048",5
"1049",6
"1050",7
"1051",8
"1052",9
"1053",10
"1054",11
"1055",12
"1056",13
"1057",14
"1058",15
"1059",16
"1060",17
"1061",18
"1062",19
"1063",20
"1064",21
"1065",22
"1066",23
"1067",24
"1068",25
"1069",26
"1070",27
"1071",28
"1072",29
"1073",30
"1074",31
"1075",32
"1076",33
"1077",34
"1078",35
"1079",36
"1080",37
"1081",38
"1082",39
"1083",40
"1084",41
"1085",42
"1086",43
"1087",44
"1088",45
"1089",46
"1090",47
"1091",48
"1092",49
"1093",50
"1094",51
"1095",52
"1096",1
"1097",2
"1098",3
"1099",4
"1100",5
"1101",6
"1102",7
"1103",8
"1104",9
"1105",10
"1106",11
"1107",12
"1108",13
"1109",14
"1110",15
"1111",16
"1112",17
"1113",18
"1114",19
"1115",20
"1116",21
"1117",22
"1118",23
"1119",24
"1120",25
"1121",26
"1122",27
"1123",28
"1124",29
"1125",30
"1126",31
"1127",32
"1128",33
"1129",34
"1130",35
"1131",36
"1132",37
"1133",38
"1134",39
"1135",40
"1136",41
"1137",42
"1138",43
"1139",44
"1140",45
"1141",46
"1142",47
"1143",48
"1144",49
"1145",50
"1146",51
"1147",52
"1148",53
"1149",1
"1150",2
"1151",3
"1152",4
"1153",5
"1154",6
"1155",7
"1156",8
"1157",9
"1158",10
"1159",11
"1160",12
"1161",13
"1162",14
"1163",15
"1164",16
"1165",17
"1166",18
"1167",19
"1168",20
"1169",21
"1170",22
"1171",23
"1172",24
"1173",25
"1174",26
"1175",27
"1176",28
"1177",29
"1178",30
"1179",31
"1180",32
"1181",33
"1182",34
"1183",35
"1184",36
"1185",37
"1186",38
"1187",39
"1188",40
"1189",41
"1190",42
"1191",43
"1192",44
"1193",45
"1194",46
"1195",47
"1196",48
"1197",49
"1198",50
"1199",51
"1200",52
"1201",1
"1202",2
"1203",3
"1204",4
"1205",5
"1206",6
"1207",7
"1208",8
"1209",9
"1210",10
"1211",11
"1212",12
"1213",13
"1214",14
"1215",15
"1216",16
"1217",17
"1218",18
"1219",19
"1220",20
"1221",21
"1222",22
"1223",23
"1224",24
"1225",25
"1226",26
"1227",27
"1228",28
"1229",29
"1230",30
"1231",31
"1232",32
"1233",33
"1234",34
"1235",35
"1236",36
"1237",37
"1238",38
"1239",39
"1240",40
"1241",41
"1242",42
"1243",43
"1244",44
"1245",45
"1246",46
"1247",47
"1248",48
"1249",49
"1250",50
"1251",51
"1252",52
"1253",1
"1254",2
"1255",3
"1256",4
"1257",5
"1258",6
"1259",7
"1260",8
"1261",9
"1262",10
"1263",11
"1264",12
"1265",13
"1266",14
"1267",15
"1268",16
"1269",17
"1270",18
"1271",19
"1272",20
"1273",21
"1274",22
"1275",23
"1276",24
"1277",25
"1278",26
"1279",27
"1280",28
"1281",29
"1282",30
"1283",31
"1284",32
"1285",33
"1286",34
"1287",35
"1288",36
"1289",37
"1290",38
"1291",39
"1292",40
"1293",41
"1294",42
"1295",43
"1296",44
"1297",45
"1298",46
"1299",47
"1300",48
"1301",49
"1302",50
"1303",51
"1304",52
"1305",1
"1306",2
"1307",3
"1308",4
"1309",5
"1310",6
"1311",7
"1312",8
"1313",9
"1314",10
"1315",11
"1316",12
"1317",13
"1318",14
"1319",15
"1320",16
"1321",17
"1322",18
"1323",19
"1324",20
"1325",21
"1326",22
"1327",23
"1328",24
"1329",25
"1330",26
"1331",27
"1332",28
"1333",29
"1334",30
"1335",31
"1336",32
"1337",33
"1338",34
"1339",35
"1340",36
"1341",37
"1342",38
"1343",39
"1344",40
"1345",41
"1346",42
"1347",43
"1348",44
"1349",45
"1350",46
"1351",47
"1352",48
"1353",49
"1354",50
"1355",51
"1356",52
"1357",1
"1358",2
"1359",3
"1360",4
"1361",5
"1362",6
"1363",7
"1364",8
"1365",9
"1366",10
"1367",11
"1368",12
"1369",13
"1370",14
"1371",15
"1372",16
"1373",17
"1374",18
"1375",19
"1376",20
"1377",21
"1378",22
"1379",23
"1380",24
"1381",25
"1382",26
"1383",27
"1384",28
"1385",29
"1386",30
"1387",31
"1388",32
"1389",33
"1390",34
"1391",35
"1392",36
"1393",37
"1394",38
"1395",39
"1396",40
"1397",41
"1398",42
"1399",43
"1400",44
"1401",45
"1402",46
"1403",47
"1404",48
"1405",49
"1406",50
"1407",51
"1408",52
"1409",1
"1410",2
"1411",3
"1412",4
"1413",5
"1414",6
"1415",7
"1416",8
"1417",9
"1418",10
"1419",11
"1420",12
"1421",13
"1422",14
"1423",15
"1424",16
"1425",17
"1426",18
"1427",19
"1428",20
"1429",21
"1430",22
"1431",23
"1432",24
"1433",25
"1434",26
"1435",27
"1436",28
"1437",29
"1438",30
"1439",31
"1440",32
"1441",33
"1442",34
"1443",35
"1444",36
"1445",37
"1446",38
"1447",39
"1448",40
"1449",41
"1450",42
"1451",43
"1452",44
"1453",45
"1454",46
"1455",47
"1456",48
"1457",49
"1458",50
"1459",51
"1460",52
"1461",53
"1462",1
"1463",2
"1464",3
"1465",4
"1466",5
"1467",6
"1468",7
"1469",8
"1470",9
"1471",10
"1472",11
"1473",12
"1474",13
"1475",14
"1476",15
"1477",16
"1478",17
"1479",18
"1480",19
"1481",20
"1482",21
"1483",22
"1484",23
"1485",24
"1486",25
"1487",26
"1488",27
"1489",28
"1490",29
"1491",30
"1492",31
"1493",32
"1494",33
"1495",34
"1496",35
"1497",36
"1498",37
"1499",38
"1500",39
"1501",40
"1502",41
"1503",42
"1504",43
"1505",44
"1506",45
"1507",46
"1508",47
"1509",48
"1510",49
"1511",50
"1512",51
"1513",52
"1514",1
"1515",2
"1516",3
"1517",4
"1518",5
"1519",6
"1520",7
"1521",8
"1522",9
"1523",10
"1524",11
"1525",12
"1526",13
"1527",14
"1528",15
"1529",16
"1530",17
"1531",18
"1532",19
"1533",20
"1534",21
"1535",22
"1536",23
"1537",24
"1538",25
"1539",26
"1540",27
"1541",28
"1542",29
"1543",30
"1544",31
"1545",32
"1546",33
"1547",34
"1548",35
"1549",36
"1550",37
"1551",38
"1552",39
"1553",40
"1554",41
"1555",42
"1556",43
"1557",44
"1558",45
"1559",46
"1560",47
"1561",48
"1562",49
"1563",50
"1564",51
"1565",52
"1566",1
"1567",2
"1568",3
"1569",4
"1570",5
"1571",6
"1572",7
"1573",8
"1574",9
"1575",10
"1576",11
"1577",12
"1578",13
"1579",14
"1580",15
"1581",16
"1582",17
"1583",18
"1584",19
"1585",20
"1586",21
"1587",22
"1588",23
"1589",24
"1590",25
"1591",26
"1592",27
"1593",28
"1594",29
"1595",30
"1596",31
"1597",32
"1598",33
"1599",34
"1600",35
"1601",36
"1602",37
"1603",38
"1604",39
"1605",40
"1606",41
"1607",42
"1608",43
"1609",44
"1610",45
"1611",46
"1612",47
"1613",48
"1614",49
"1615",50
"1616",51
"1617",52
"1618",1
"1619",2
"1620",3
"1621",4
"1622",5
"1623",6
"1624",7
"1625",8
"1626",9
"1627",10
"1628",11
"1629",12
"1630",13
"1631",14
"1632",15
"1633",16
"1634",17
"1635",18
"1636",19
"1637",20
"1638",21
"1639",22
"1640",23
"1641",24
"1642",25
"1643",26
"1644",27
"1645",28
"1646",29
"1647",30
"1648",31
"1649",32
"1650",33
"1651",34
"1652",35
"1653",36
"1654",37
"1655",38
"1656",39
"1657",40
"1658",41
"1659",42
"1660",43
"1661",44
"1662",45
"1663",46
"1664",47
"1665",48
"1666",49
"1667",50
"1668",51
"1669",52
"1670",1
"1671",2
"1672",3
"1673",4
"1674",5
"1675",6
"1676",7
"1677",8
"1678",9
"1679",10
"1680",11
"1681",12
"1682",13
"1683",14
"1684",15
"1685",16
"1686",17
"1687",18
"1688",19
"1689",20
"1690",21
"1691",22
"1692",23
"1693",24
"1694",25
"1695",26
"1696",27
"1697",28
"1698",29
"1699",30
"1700",31
"1701",32
"1702",33
"1703",34
"1704",35
"1705",36
"1706",37
"1707",38
"1708",39
"1709",40
"1710",41
"1711",42
"1712",43
"1713",44
"1714",45
"1715",46
"1716",47
"1717",48
"1718",49
"1719",50
"1720",51
"1721",52
"1722",53
"1723",1
"1724",2
"1725",3
"1726",4
"1727",5
"1728",6
"1729",7
"1730",8
"1731",9
"1732",10
"1733",11
"1734",12
"1735",13
"1736",14
"1737",15
"1738",16
"1739",17
"1740",18
"1741",19
"1742",20
"1743",21
"1744",22
"1745",23
"1746",24
"1747",25
"1748",26
"1749",27
"1750",28
"1751",29
"1752",30
"1753",31
"1754",32
"1755",33
"1756",34
"1757",35
"1758",36
"1759",37
"1760",38
"1761",39
"1762",40
"1763",41
"1764",42
"1765",43
"1766",44
"1767",45
"1768",46
"1769",47
"1770",48
"1771",49
"1772",50
"1773",51
"1774",52
"1775",1
"1776",2
"1777",3
"1778",4
"1779",5
"1780",6
"1781",7
"1782",8
"1783",9
"1784",10
"1785",11
"1786",12
"1787",13
"1788",14
"1789",15
"1790",16
"1791",17
"1792",18
"1793",19
"1794",20
"1795",21
"1796",22
"1797",23
"1798",24
"1799",25
"1800",26
"1801",27
"1802",28
"1803",29
"1804",30
"1805",31
"1806",32
"1807",33
"1808",34
"1809",35
"1810",36
"1811",37
"1812",38
"1813",39
"1814",40
"1815",41
"1816",42
"1817",43
"1818",44
"1819",45
"1820",46
"1821",47
"1822",48
"1823",49
"1824",50
"1825",51
"1826",52
"1827",1
"1828",2
"1829",3
"1830",4
"1831",5
"1832",6
"1833",7
"1834",8
"1835",9
"1836",10
"1837",11
"1838",12
"1839",13
"1840",14
"1841",15
"1842",16
"1843",17
"1844",18
"1845",19
"1846",20
"1847",21
"1848",22
"1849",23
"1850",24
"1851",25
"1852",26
"1853",27
"1854",28
"1855",29
"1856",30
"1857",31
"1858",32
"1859",33
"1860",34
"1861",35
"1862",36
"1863",37
"1864",38
"1865",39
"1866",40
"1867",41
"1868",42
"1869",43
"1870",44
"1871",45
"1872",46
"1873",47
"1874",48
"1875",49
"1876",50
"1877",51
"1878",52
"1879",1
"1880",2
"1881",3
"1882",4
"1883",5
"1884",6
"1885",7
"1886",8
"1887",9
"1888",10
"1889",11
"1890",12
"1891",13
"1892",14
"1893",15
"1894",16
"1895",17
"1896",18
"1897",19
"1898",20
"1899",21
"1900",22
"1901",23
"1902",24
"1903",25
"1904",26
"1905",27
"1906",28
"1907",29
"1908",30
"1909",31
"1910",32
"1911",33
"1912",34
"1913",35
"1914",36
"1915",37
"1916",38
"1917",39
"1918",40
"1919",41
"1920",42
"1921",43
"1922",44
"1923",45
"1924",46
"1925",47
"1926",48
"1927",49
"1928",50
"1929",51
"1930",52
"1931",1
"1932",2
"1933",3
"1934",4
"1935",5
"1936",6
"1937",7
"1938",8
"1939",9
"1940",10
"1941",11
"1942",12
"1943",13
"1944",14
"1945",15
"1946",16
"1947",17
"1948",18
"1949",19
"1950",20
"1951",21
"1952",22
"1953",23
"1954",24
"1955",25
"1956",26
"1957",27
"1958",28
"1959",29
"1960",30
"1961",31
"1962",32
"1963",33
"1964",34
"1965",35
"1966",36
"1967",37
"1968",38
"1969",39
"1970",40
"1971",41
"1972",42
"1973",43
"1974",44
"1975",45
"1976",46
"1977",47
"1978",48
"1979",49
"1980",50
"1981",51
"1982",52
"1983",1
"1984",2
"1985",3
"1986",4
"1987",5
"1988",6
"1989",7
"1990",8
"1991",9
"1992",10
"1993",11
"1994",12
"1995",13
"1996",14
"1997",15
"1998",16
"1999",17
"2000",18
"2001",19
"2002",20
"2003",21
"2004",22
"2005",23
"2006",24
"2007",25
"2008",26
"2009",27
"2010",28
"2011",29
"2012",30
"2013",31
"2014",32
"2015",33
"2016",34
"2017",35
"2018",36
"2019",37
"2020",38
"2021",39
"2022",40
"2023",41
"2024",42
"2025",43
"2026",44
"2027",45
"2028",46
"2029",47
"2030",48
"2031",49
"2032",50
"2033",51
"2034",52
"2035",53
"2036",1
"2037",2
"2038",3
"2039",4
"2040",5
"2041",6
"2042",7
"2043",8
"2044",9
"2045",10
"2046",11
"2047",12
"2048",13
"2049",14
"2050",15
"2051",16
"2052",17
"2053",18
"2054",19
"2055",20
"2056",21
"2057",22
"2058",23
"2059",24
"2060",25
"2061",26
"2062",27
"2063",28
"2064",29
"2065",30
"2066",31
"2067",32
"2068",33
"2069",34
"2070",35
"2071",36
"2072",37
"2073",38
"2074",39
"2075",40
"2076",41
"2077",42
"2078",43
"2079",44
"2080",45
"2081",46
"2082",47
"2083",48
"2084",49
"2085",50
"2086",51
"2087",52
"2088",1
"2089",2
"2090",3
"2091",4
"2092",5
"2093",6
"2094",7
"2095",8
"2096",9
"2097",10
"2098",11
"2099",12
"2100",13
"2101",14
"2102",15
"2103",16
"2104",17
"2105",18
"2106",19
"2107",20
"2108",21
"2109",22
"2110",23
"2111",24
"2112",25
"2113",26
"2114",27
"2115",28
"2116",29
"2117",30
"2118",31
"2119",32
"2120",33
"2121",34
"2122",35
"2123",36
"2124",37
"2125",38
"2126",39
"2127",40
"2128",41
"2129",42
"2130",43
"2131",44
"2132",45
"2133",46
"2134",47
"2135",48
"2136",49
"2137",50
"2138",51
"2139",52
"2140",1
"2141",2
"2142",3
"2143",4
"2144",5
"2145",6
"2146",7
"2147",8
"2148",9
"2149",10
"2150",11
"2151",12
"2152",13
"2153",14
"2154",15
"2155",16
"2156",17
"2157",18
"2158",19
"2159",20
"2160",21
"2161",22
"2162",23
"2163",24
"2164",25
"2165",26
"2166",27
"2167",28
"2168",29
"2169",30
"2170",31
"2171",32
"2172",33
"2173",34
"2174",35
"2175",36
"2176",37
"2177",38
"2178",39
"2179",40
"2180",41
"2181",42
"2182",43
"2183",44
"2184",45
"2185",46
"2186",47
"2187",48
"2188",49
"2189",50
"2190",51
"2191",52
"2192",1
"2193",2
"2194",3
"2195",4
"2196",5
"2197",6
"2198",7
"2199",8
"2200",9
"2201",10
"2202",11
"2203",12
"2204",13
"2205",14
"2206",15
"2207",16
"2208",17
"2209",18
"2210",19
"2211",20
"2212",21
"2213",22
"2214",23
"2215",24
"2216",25
"2217",26
"2218",27
"2219",28
"2220",29
"2221",30
"2222",31
"2223",32
"2224",33
"2225",34
"2226",35
"2227",36
"2228",37
"2229",38
"2230",39
"2231",40
"2232",41
"2233",42
"2234",43
"2235",44
"2236",45
"2237",46
"2238",47
"2239",48
"2240",49
"2241",50
"2242",51
"2243",52
"2244",1
"2245",2
"2246",3
"2247",4
"2248",5
"2249",6
"2250",7
"2251",8
"2252",9
"2253",10
"2254",11
"2255",12
"2256",13
"2257",14
"2258",15
"2259",16
"2260",17
"2261",18
"2262",19
"2263",20
"2264",21
"2265",22
"2266",23
"2267",24
"2268",25
"2269",26
"2270",27
"2271",28
"2272",29
"2273",30
"2274",31
"2275",32
"2276",33
"2277",34
"2278",35
"2279",36
"2280",37
"2281",38
"2282",39
"2283",40
"2284",41
"2285",42
"2286",43
"2287",44
"2288",45
"2289",46
"2290",47
"2291",48
"2292",49
"2293",50
"2294",51
"2295",52
"2296",53
"2297",1
"2298",2
"2299",3
"2300",4
"2301",5
"2302",6
"2303",7
"2304",8
"2305",9
"2306",10
"2307",11
"2308",12
"2309",13
"2310",14
"2311",15
"2312",16
"2313",17
"2314",18
"2315",19
"2316",20
"2317",21
"2318",22
"2319",23
"2320",24
"2321",25
"2322",26
"2323",27
"2324",28
"2325",29
"2326",30
"2327",31
"2328",32
"2329",33
"2330",34
"2331",35
"2332",36
"2333",37
"2334",38
"2335",39
"2336",40
"2337",41
"2338",42
"2339",43
"2340",44
"2341",45
"2342",46
"2343",47
"2344",48
"2345",49
"2346",50
"2347",51
"2348",52
"2349",1
"2350",2
"2351",3
"2352",4
"2353",5
"2354",6
"2355",7
"2356",8
"2357",9
"2358",10
"2359",11
"2360",12
"2361",13
"2362",14
"2363",15
"2364",16
"2365",17
"2366",18
"2367",19
"2368",20
"2369",21
"2370",22
"2371",23
"2372",24
"2373",25
"2374",26
"2375",27
"2376",28
"2377",29
"2378",30
"2379",31
"2380",32
"2381",33
"2382",34
"2383",35
"2384",36
"2385",37
"2386",38
"2387",39
"2388",40
"2389",41
"2390",42
"2391",43
"2392",44
"2393",45
"2394",46
"2395",47
"2396",48
"2397",49
"2398",50
"2399",51
"2400",52
"2401",1
"2402",2
"2403",3
"2404",4
"2405",5
"2406",6
"2407",7
"2408",8
"2409",9
"2410",10
"2411",11
"2412",12
"2413",13
"2414",14
"2415",15
"2416",16
"2417",17
"2418",18
"2419",19
"2420",20
"2421",21
"2422",22
"2423",23
"2424",24
"2425",25
"2426",26
"2427",27
"2428",28
"2429",29
"2430",30
"2431",31
"2432",32
"2433",33
"2434",34
"2435",35
"2436",36
"2437",37
"2438",38
"2439",39
"2440",40
"2441",41
"2442",42
"2443",43
"2444",44
"2445",45
"2446",46
"2447",47
"2448",48
"2449",49
"2450",50
"2451",51
"2452",52
"2453",1
"2454",2
"2455",3
"2456",4
"2457",5
"2458",6
"2459",7
"2460",8
"2461",9
"2462",10
"2463",11
"2464",12
"2465",13
"2466",14
"2467",15
"2468",16
"2469",17
"2470",18
"2471",19
"2472",20
"2473",21
"2474",22
"2475",23
"2476",24
"2477",25
"2478",26
"2479",27
"2480",28
"2481",29
"2482",30
"2483",31
"2484",32
"2485",33
"2486",34
"2487",35
"2488",36
"2489",37
"2490",38
"2491",39
"2492",40
"2493",41
"2494",42
"2495",43
"2496",44
"2497",45
"2498",46
"2499",47
"2500",48
"2501",49
"2502",50
"2503",51
"2504",52
"2505",1
"2506",2
"2507",3
"2508",4
"2509",5
"2510",6
"2511",7
"2512",8
"2513",9
"2514",10
"2515",11
"2516",12
"2517",13
"2518",14
"2519",15
"2520",16
"2521",17
"2522",18
"2523",19
"2524",20
"2525",21
"2526",22
"2527",23
"2528",24
"2529",25
"2530",26
"2531",27
"2532",28
"2533",29
"2534",30
"2535",31
"2536",32
"2537",33
"2538",34
"2539",35
"2540",36
"2541",37
"2542",38
"2543",39
"2544",40
"2545",41
"2546",42
"2547",43
"2548",44
"2549",45
"2550",46
"2551",47
"2552",48
"2553",49
"2554",50
"2555",51
"2556",52
"2557",1
"2558",2
"2559",3
"2560",4
"2561",5
"2562",6
"2563",7
"2564",8
"2565",9
"2566",10
"2567",11
"2568",12
"2569",13
"2570",14
"2571",15
"2572",16
"2573",17
"2574",18
"2575",19
"2576",20
"2577",21
"2578",22
"2579",23
"2580",24
"2581",25
"2582",26
"2583",27
"2584",28
"2585",29
"2586",30
"2587",31
"2588",32
"2589",33
"2590",34
"2591",35
"2592",36
"2593",37
"2594",38
"2595",39
"2596",40
"2597",41
"2598",42
"2599",43
"2600",44
"2601",45
"2602",46
"2603",47
"2604",48
"2605",49
"2606",50
"2607",51
"2608",52
"2609",53
"2610",1
"2611",2
"2612",3
"2613",4
"2614",5
"2615",6
"2616",7
"2617",8
"2618",9
"2619",10
"2620",11
"2621",12
"2622",13
"2623",14
"2624",15
"2625",16
"2626",17
"2627",18
"2628",19
"2629",20
"2630",21
"2631",22
"2632",23
"2633",24
"2634",25
"2635",26
"2636",27
"2637",28
"2638",29
"2639",30
"2640",31
"2641",32
"2642",33
"2643",34
"2644",35
"2645",36
"2646",37
"2647",38
"2648",39
"2649",40
"2650",41
"2651",42
"2652",43
"2653",44
"2654",45
"2655",46
"2656",47
"2657",48
"2658",49
"2659",50
"2660",51
"2661",52
"2662",1
"2663",2
"2664",3
"2665",4
"2666",5
"2667",6
"2668",7
"2669",8
"2670",9
"2671",10
"2672",11
"2673",12
"2674",13
"2675",14
"2676",15
"2677",16
"2678",17
"2679",18
"2680",19
"2681",20
"2682",21
"2683",22
"2684",23
"2685",24
"2686",25
"2687",26
"2688",27
"2689",28
"2690",29
"2691",30
"2692",31
"2693",32
"2694",33
"2695",34
"2696",35
"2697",36
"2698",37
"2699",38
"2700",39
"2701",40
"2702",41
"2703",42
"2704",43
"2705",44
"2706",45
"2707",46
"2708",47
"2709",48
"2710",49
"2711",50
"2712",51
"2713",52
"2714",1
"2715",2
"2716",3
"2717",4
"2718",5
"2719",6
"2720",7
"2721",8
"2722",9
"2723",10
"2724",11
"2725",12
"2726",13
"2727",14
"2728",15
"2729",16
"2730",17
"2731",18
"2732",19
"2733",20
"2734",21
"2735",22
"2736",23
"2737",24
"2738",25
"2739",26
"2740",27
"2741",28
"2742",29
"2743",30
"2744",31
"2745",32
"2746",33
"2747",34
"2748",35
"2749",36
"2750",37
"2751",38
"2752",39
"2753",40
"2754",41
"2755",42
"2756",43
"2757",44
"2758",45
"2759",46
"2760",47
"2761",48
"2762",49
"2763",50
"2764",51
"2765",52
"2766",1
"2767",2
"2768",3
"2769",4
"2770",5
"2771",6
"2772",7
"2773",8
"2774",9
"2775",10
"2776",11
"2777",12
"2778",13
"2779",14
"2780",15
"2781",16
"2782",17
"2783",18
"2784",19
"2785",20
"2786",21
"2787",22
"2788",23
"2789",24
"2790",25
"2791",26
"2792",27
"2793",28
"2794",29
"2795",30
"2796",31
"2797",32
"2798",33
"2799",34
"2800",35
"2801",36
"2802",37
"2803",38
"2804",39
"2805",40
"2806",41
"2807",42
"2808",43
"2809",44
"2810",45
"2811",46
"2812",47
"2813",48
"2814",49
"2815",50
"2816",51
"2817",52
"2818",1
"2819",2
"2820",3
"2821",4
"2822",5
"2823",6
"2824",7
"2825",8
"2826",9
"2827",10
"2828",11
"2829",12
"2830",13
"2831",14
"2832",15
"2833",16
"2834",17
"2835",18
"2836",19
"2837",20
"2838",21
"2839",22
"2840",23
"2841",24
"2842",25
"2843",26
"2844",27
"2845",28
"2846",29
"2847",30
"2848",31
"2849",32
"2850",33
"2851",34
"2852",35
"2853",36
"2854",37
"2855",38
"2856",39
"2857",40
"2858",41
"2859",42
"2860",43
"2861",44
"2862",45
"2863",46
"2864",47
"2865",48
"2866",49
"2867",50
"2868",51
"2869",52
"2870",1
"2871",2
"2872",3
"2873",4
"2874",5
"2875",6
"2876",7
"2877",8
"2878",9
"2879",10
"2880",11
"2881",12
"2882",13
"2883",14
"2884",15
"2885",16
"2886",17
"2887",18
"2888",19
"2889",20
"2890",21
"2891",22
"2892",23
"2893",24
"2894",25
"2895",26
"2896",27
"2897",28
"2898",29
"2899",30
"2900",31
"2901",32
"2902",33
"2903",34
"2904",35
"2905",36
"2906",37
"2907",38
"2908",39
"2909",40
"2910",41
"2911",42
"2912",43
"2913",44
"2914",45
"2915",46
"2916",47
"2917",47
"2918",47
"2919",48
"2920",49
"2921",50
"2922",51
"2923",52
"2924",53
"2925",1
"2926",2
"2927",3
"2928",4
"2929",5
"2930",6
"2931",7
"2932",8
"2933",9
"2934",10
"2935",11
"2936",12
"2937",13
"2938",14
"2939",15
"2940",16
"2941",17
"2942",18
"2943",19
"2944",20
"2945",21
"2946",22
"2947",23
"2948",24
"2949",25
"2950",26
"2951",27
"2952",28
"2953",29
"2954",30
"2955",31
"2956",32
"2957",33
"2958",34
"2959",35
"2960",36
"2961",37
"2962",38
"2963",39
"2964",40
"2965",41
"2966",42
"2967",43
"2968",44
"2969",45
"2970",46
"2971",47
"2972",48
"2973",49
"2974",50
"2975",51
"2976",52
"2977",1
"2978",1
"2979",2
"2980",3
"2981",4
"2982",5
"2983",6
"2984",7
"2985",8
"2986",9
"2987",10
"2988",11
"2989",12
"2990",13
"2991",14
"2992",15
"2993",16
"2994",17
"2995",18
"2996",19
"2997",20
"2998",21
"2999",22
"3000",23
"3001",24
"3002",25
"3003",26
"3004",27
"3005",28
"3006",29
"3007",30
"3008",31
"3009",32
"3010",33
"3011",34
"3012",35
"3013",36
"3014",37
"3015",38
"3016",39
"3017",40
"3018",41
"3019",42
"3020",43
"3021",44
"3022",45
"3023",46
"3024",47
"3025",48
"3026",49
"3027",50
"3028",51
"3029",52
"3030",1
"3031",2
"3032",3
"3033",4
"3034",5
"3035",6
"3036",7
"3037",8
"3038",9
"3039",10
"3040",11
"3041",12
"3042",13
"3043",14
"3044",15
"3045",16
"3046",17
"3047",18
"3048",19
"3049",20
"3050",21
"3051",22
"3052",23
"3053",24
"3054",25
"3055",26
"3056",27
"3057",28
"3058",29
"3059",30
"3060",31
"3061",32
"3062",33
"3063",34
"3064",35
"3065",36
"3066",37
"3067",38
"3068",39
"3069",40
"3070",41
"3071",42
"3072",43
"3073",44
"3074",45
"3075",46
"3076",47
"3077",48
"3078",49
"3079",50
"3080",51
"3081",52
"3082",1
"3083",2
"3084",3
"3085",4
"3086",5
"3087",6
"3088",7
"3089",8
"3090",9
"3091",10
"3092",11
"3093",12
"3094",13
"3095",14
"3096",15
"3097",16
"3098",17
"3099",18
"3100",19
"3101",20
"3102",21
"3103",22
"3104",23
"3105",24
"3106",25
"3107",26
"3108",27
"3109",28
"3110",29
"3111",30
"3112",31
"3113",32
"3114",33
"3115",34
"3116",35
"3117",36
"3118",37
"3119",38
"3120",39
"3121",40
"3122",41
"3123",42
"3124",43
"3125",44
"3126",45
"3127",46
"3128",47
"3129",48
"3130",49
"3131",50
"3132",51
"3133",52
"3134",1
"3135",2
"3136",3
"3137",4
"3138",5
"3139",6
"3140",7
"3141",8
"3142",9
"3143",10
"3144",11
"3145",12
"3146",13
"3147",14
"3148",15
"3149",16
"3150",17
"3151",18
"3152",19
"3153",20
"3154",21
"3155",22
"3156",23
"3157",24
"3158",25
"3159",26
"3160",27
"3161",28
"3162",29
"3163",30
"3164",31
"3165",32
"3166",33
"3167",34
"3168",35
"3169",36
"3170",37
"3171",38
"3172",39
"3173",40
"3174",41
"3175",42
"3176",43
"3177",43
"3178",44
"3179",45
"3180",46
"3181",47
"3182",48
"3183",49
"3184",50
"3185",51
"3186",52
"3187",53
"3188",1
"3189",2
"3190",3
"3191",4
"3192",5
"3193",6
"3194",7
"3195",8
"3196",9
"3197",10
"3198",11
"3199",12
"3200",13
"3201",14
"3202",15
"3203",16
"3204",17
"3205",18
"3206",19
"3207",20
"3208",21
"3209",22
"3210",23
"3211",24
"3212",25
"3213",26
"3214",27
"3215",28
"3216",29
"3217",30
"3218",31
"3219",32
"3220",33
"3221",34
"3222",35
"3223",36
"3224",37
"3225",38
"3226",39
"3227",40
"3228",41
"3229",42
"3230",43
"3231",44
"3232",45
"3233",46
"3234",47
"3235",48
"3236",49
"3237",50
"3238",51
"3239",52
"3240",1
"3241",2
"3242",3
"3243",4
"3244",5
"3245",6
"3246",7
"3247",8
"3248",9
"3249",9
"3250",9
"3251",10
"3252",11
"3253",12
"3254",13
"3255",14
"3256",15
"3257",16
"3258",17
"3259",18
"3260",19
"3261",20
"3262",21
"3263",22
"3264",23
"3265",24
"3266",25
"3267",26
"3268",27
"3269",28
"3270",29
"3271",30
"3272",31
"3273",32
"3274",33
"3275",34
"3276",35
"3277",36
"3278",37
"3279",38
"3280",39
"3281",40
"3282",41
"3283",42
"3284",43
"3285",44
"3286",45
"3287",46
"3288",47
"3289",48
"3290",49
"3291",50
"3292",51
"3293",52
"3294",1
"3295",2
"3296",3
"3297",4
"3298",5
"3299",6
"3300",7
"3301",8
"3302",9
"3303",10
"3304",11
"3305",12
"3306",13
"3307",14
"3308",15
"3309",16
"3310",17
"3311",18
"3312",19
"3313",20
"3314",21
"3315",22
"3316",23
"3317",24
"3318",25
"3319",26
"3320",27
"3321",28
"3322",29
"3323",30
"3324",31
"3325",32
"3326",33
"3327",34
"3328",35
"3329",36
"3330",37
"3331",38
"3332",39
"3333",40
"3334",41
"3335",42
"3336",43
"3337",44
"3338",45
"3339",46
"3340",47
"3341",48
"3342",49
"3343",50
"3344",51
"3345",52
"3346",1
"3347",2
"3348",3
"3349",4
"3350",5
"3351",6
"3352",7
"3353",8
"3354",9
"3355",10
"3356",11
"3357",12
"3358",13
"3359",14
"3360",15
"3361",16
"3362",17
"3363",17
"3364",18
"3365",19
"3366",20
"3367",21
"3368",22
"3369",23
"3370",24
"3371",25
"3372",26
"3373",27
"3374",28
"3375",29
"3376",30
"3377",31
"3378",32
"3379",32
"3380",33
"3381",34
"3382",35
"3383",36
"3384",37
"3385",38
"3386",39
"3387",40
"3388",41
"3389",42
"3390",43
"3391",44
"3392",45
"3393",46
"3394",47
"3395",48
"3396",49
"3397",50
"3398",51
"3399",52
"3400",1
"3401",2
"3402",3
"3403",4
"3404",5
"3405",6
"3406",7
"3407",8
"3408",9
"3409",10
"3410",11
"3411",12
"3412",13
"3413",14
"3414",15
"3415",16
"3416",17
"3417",18
"3418",19
"3419",20
"3420",21
"3421",22
"3422",23
"3423",24
"3424",25
"3425",26
"3426",27
"3427",28
"3428",29
"3429",30
"3430",31
"3431",32
"3432",33
"3433",34
"3434",35
"3435",36
"3436",37
"3437",38
"3438",39
"3439",40
"3440",41
"3441",42
"3442",43
"3443",44
"3444",45
"3445",46
"3446",47
"3447",48
"3448",49
"3449",50
"3450",51
"3451",52
"3452",1
"3453",2
"3454",3
"3455",4
"3456",5
"3457",6
"3458",7
"3459",8
"3460",9
"3461",10
"3462",11
"3463",12
"3464",13
"3465",14
"3466",15
"3467",16
"3468",17
"3469",18
"3470",19
"3471",20
"3472",21
"3473",22
"3474",23
"3475",24
"3476",25
"3477",26
"3478",27
"3479",28
"3480",29
"3481",30
"3482",31
"3483",32
"3484",33
"3485",34
"3486",35
"3487",36
"3488",37
"3489",38
"3490",39
"3491",40
"3492",41
"3493",42
"3494",43
"3495",44
"3496",45
"3497",46
"3498",47
"3499",48
"3500",49
"3501",50
"3502",51
"3503",52
"3504",53
"3505",1
"3506",2
"3507",3
"3508",4
"3509",5
"3510",6
"3511",7
"3512",8
"3513",9
"3514",10
"3515",11
"3516",12
"3517",13
"3518",14
"3519",15
"3520",16
"3521",17
"3522",17
"3523",18
"3524",19
"3525",20
"3526",21
"3527",22
"3528",23
"3529",24
"3530",25
"3531",26
"3532",27
"3533",28
"3534",29
"3535",30
"3536",31
"3537",32
"3538",33
"3539",34
"3540",35
"3541",36
"3542",37
"3543",38
"3544",39
"3545",40
"3546",41
"3547",42
"3548",43
"3549",44
"3550",45
"3551",46
"3552",47
"3553",48
"3554",49
"3555",50
"3556",51
"3557",52
"3558",1
"3559",2
"3560",3
"3561",4
"3562",5
"3563",6
"3564",7
"3565",8
"3566",9
"3567",10
"3568",11
"3569",12
"3570",13
"3571",14
"3572",15
"3573",16
"3574",17
"3575",18
"3576",19
"3577",20
"3578",21
"3579",22
"3580",23
"3581",24
"3582",25
"3583",26
"3584",27
"3585",28
"3586",29
"3587",30
"3588",31
"3589",32
"3590",33
"3591",34
"3592",35
"3593",36
"3594",37
"3595",38
"3596",39
"3597",40
"3598",41
"3599",42
"3600",43
"3601",44
"3602",45
"3603",46
"3604",47
"3605",48
"3606",49
"3607",50
"3608",51
"3609",52
"3610",1
"3611",2
"3612",3
"3613",4
"3614",5
"3615",6
"3616",7
"3617",8
"3618",9
"3619",10
"3620",11
"3621",12
"3622",13
"3623",14
"3624",15
"3625",16
"3626",17
"3627",18
"3628",19
"3629",20
"3630",21
"3631",22
"3632",23
"3633",24
"3634",25
"3635",26
"3636",27
"3637",28
"3638",29
"3639",30
"3640",31
"3641",32
"3642",33
"3643",34
"3644",35
"3645",36
"3646",37
"3647",38
"3648",39
"3649",40
"3650",41
"3651",42
"3652",43
"3653",44
"3654",45
"3655",46
"3656",47
"3657",48
"3658",49
"3659",50
"3660",51
"3661",52
"3662",1
"3663",2
"3664",3
"3665",4
"3666",5
"3667",6
"3668",7
"3669",8
"3670",9
"3671",10
"3672",11
"3673",12
"3674",13
"3675",14
"3676",15
"3677",16
"3678",17
"3679",18
"3680",19
"3681",20
"3682",21
"3683",22
"3684",23
"3685",24
"3686",25
"3687",26
"3688",27
"3689",28
"3690",29
"3691",30
"3692",31
"3693",32
"3694",33
"3695",34
"3696",35
"3697",36
"3698",37
"3699",38
"3700",39
"3701",40
"3702",41
"3703",42
"3704",43
"3705",44
"3706",45
"3707",46
"3708",47
"3709",48
"3710",49
"3711",50
"3712",51
"3713",52
"3714",1
"3715",2
"3716",3
"3717",4
"3718",5
"3719",6
"3720",7
"3721",8
"3722",9
"3723",10
"3724",11
"3725",12
"3726",13
"3727",14
"3728",15
"3729",16
"3730",17
"3731",18
"3732",19
"3733",20
"3734",21
"3735",22
"3736",23
"3737",24
"3738",25
"3739",26
"3740",27
"3741",28
"3742",29
"3743",30
"3744",31
"3745",32
"3746",33
"3747",34
"3748",35
"3749",36
"3750",37
"3751",38
"3752",39
"3753",40
"3754",41
"3755",42
"3756",43
"3757",44
"3758",45
"3759",46
"3760",47
"3761",48
"3762",49
"3763",50
"3764",51
"3765",52
"3766",53
"3767",1
"3768",2
"3769",3
"3770",4
"3771",5
"3772",6
"3773",7
"3774",8
"3775",9
"3776",10
"3777",11
"3778",12
"3779",13
"3780",14
"3781",15
"3782",16
"3783",17
"3784",18
"3785",19
"3786",20
"3787",21
"3788",22
"3789",23
"3790",24
"3791",25
"3792",26
"3793",27
"3794",28
"3795",29
"3796",30
"3797",31
"3798",32
"3799",33
"3800",34
"3801",35
"3802",36
"3803",37
"3804",38
"3805",39
"3806",40
"3807",41
"3808",42
"3809",43
"3810",44
"3811",45
"3812",46
"3813",47
"3814",48
"3815",49
"3816",50
"3817",51
"3818",52
"3819",1
"3820",2
"3821",3
"3822",4
"3823",5
"3824",6
"3825",7
"3826",8
"3827",9
"3828",10
"3829",11
"3830",12
"3831",13
"3832",14
"3833",15
"3834",16
"3835",17
"3836",18
"3837",19
"3838",20
"3839",21
"3840",22
"3841",23
"3842",24
"3843",25
"3844",26
"3845",27
"3846",28
"3847",29
"3848",30
"3849",31
"3850",32
"3851",33
"3852",34
"3853",35
"3854",36
"3855",37
"3856",38
"3857",39
"3858",40
"3859",41
"3860",42
"3861",43
"3862",44
"3863",45
"3864",46
"3865",47
"3866",48
"3867",49
"3868",50
"3869",51
"3870",52
"3871",1
"3872",2
"3873",3
"3874",4
"3875",5
"3876",6
"3877",7
"3878",8
"3879",9
"3880",10
"3881",11
"3882",12
"3883",13
"3884",14
"3885",15
"3886",16
"3887",17
"3888",18
"3889",19
"3890",20
"3891",21
"3892",22
"3893",23
"3894",24
"3895",25
"3896",26
"3897",27
"3898",28
"3899",29
"3900",30
"3901",31
"3902",32
"3903",33
"3904",34
"3905",35
"3906",36
"3907",37
"3908",38
"3909",39
"3910",40
"3911",41
"3912",42
"3913",43
"3914",44
"3915",45
"3916",46
"3917",47
"3918",48
"3919",49
"3920",50
"3921",51
"3922",52
"3923",1
"3924",2
"3925",3
"3926",4
"3927",5
"3928",6
"3929",7
"3930",8
"3931",9
"3932",10
"3933",11
"3934",12
"3935",13
"3936",14
"3937",15
"3938",16
"3939",17
"3940",18
"3941",19
"3942",20
"3943",21
"3944",22
"3945",23
"3946",24
"3947",25
"3948",26
"3949",27
"3950",28
"3951",29
"3952",30
"3953",31
"3954",32
"3955",33
"3956",34
"3957",35
"3958",36
"3959",37
"3960",38
"3961",39
"3962",40
"3963",41
"3964",42
"3965",43
"3966",44
"3967",45
"3968",46
"3969",47
"3970",48
"3971",49
"3972",50
"3973",51
"3974",52
"3975",1
"3976",2
"3977",3
"3978",4
"3979",5
"3980",6
"3981",7
"3982",8
"3983",9
"3984",10
"3985",11
"3986",12
"3987",13
"3988",14
"3989",15
"3990",16
"3991",17
"3992",18
"3993",19
"3994",20
"3995",21
"3996",22
"3997",23
"3998",24
"3999",25
"4000",26
"4001",27
"4002",28
"4003",29
"4004",30
"4005",31
"4006",32
"4007",33
"4008",34
"4009",35
"4010",36
"4011",37
"4012",38
"4013",39
"4014",40
"4015",41
"4016",42
"4017",43
"4018",44
"4019",45
"4020",46
"4021",47
"4022",48
"4023",49
"4024",50
"4025",51
"4026",52
"4027",1
"4028",2
"4029",3
"4030",4
"4031",5
"4032",6
"4033",7
"4034",8
"4035",9
"4036",10
"4037",11
"4038",12
"4039",13
"4040",14
"4041",15
"4042",16
"4043",17
"4044",18
"4045",19
"4046",20
"4047",21
"4048",22
"4049",23
"4050",24
"4051",25
"4052",26
"4053",27
"4054",28
"4055",29
"4056",30
"4057",31
"4058",32
"4059",33
"4060",34
"4061",35
"4062",36
"4063",37
"4064",38
"4065",39
"4066",40
"4067",41
"4068",42
"4069",43
"4070",44
"4071",45
"4072",46
"4073",47
"4074",48
"4075",49
"4076",50
"4077",51
"4078",52
"4079",53
"4080",1
"4081",2
"4082",3
"4083",4
"4084",5
"4085",6
"4086",7
"4087",8
"4088",9
"4089",10
"4090",11
"4091",12
"4092",13
"4093",14
"4094",15
"4095",16
"4096",17
"4097",18
"4098",19
"4099",20
"4100",21
"4101",22
"4102",23
"4103",24
"4104",25
"4105",26
"4106",27
"4107",28
"4108",29
"4109",30
"4110",31
"4111",32
"4112",33
"4113",34
"4114",35
"4115",36
"4116",37
"4117",38
"4118",39
"4119",40
"4120",41
"4121",42
"4122",43
"4123",44
"4124",45
"4125",46
"4126",47
"4127",48
"4128",49
"4129",50
"4130",51
"4131",52
"4132",1
"4133",2
"4134",3
"4135",4
"4136",5
"4137",6
"4138",7
"4139",8
"4140",9
"4141",10
"4142",11
"4143",12
"4144",13
"4145",14
"4146",15
"4147",16
"4148",17
"4149",18
"4150",19
"4151",20
"4152",21
"4153",22
"4154",23
"4155",24
"4156",25
"4157",26
"4158",27
"4159",28
"4160",29
"4161",30
"4162",31
"4163",32
"4164",33
"4165",34
"4166",35
"4167",36
"4168",37
"4169",38
"4170",39
"4171",40
"4172",41
"4173",42
"4174",43
"4175",44
"4176",45
"4177",46
"4178",47
"4179",48
"4180",49
"4181",50
"4182",51
"4183",52
"4184",1
"4185",2
"4186",3
"4187",4
"4188",5
"4189",6
"4190",7
"4191",8
"4192",9
"4193",10
"4194",11
"4195",12
"4196",13
"4197",14
"4198",15
"4199",16
"4200",17
"4201",18
"4202",19
"4203",20
"4204",21
"4205",22
"4206",23
"4207",24
"4208",25
"4209",26
"4210",27
"4211",28
"4212",29
"4213",30
"4214",31
"4215",32
"4216",33
"4217",34
"4218",35
"4219",36
"4220",37
"4221",38
"4222",39
"4223",40
"4224",41
"4225",42
"4226",43
"4227",44
"4228",45
"4229",46
"4230",47
"4231",48
"4232",49
"4233",50
"4234",51
"4235",52
"4236",1
"4237",2
"4238",3
"4239",4
"4240",5
"4241",6
"4242",7
"4243",8
"4244",9
"4245",10
"4246",11
"4247",12
"4248",13
"4249",14
"4250",15
"4251",16
"4252",17
"4253",18
"4254",19
"4255",20
"4256",21
"4257",22
"4258",23
"4259",24
"4260",25
"4261",26
"4262",27
"4263",28
"4264",29
"4265",30
"4266",31
"4267",32
"4268",33
"4269",34
"4270",35
"4271",36
"4272",37
"4273",38
"4274",39
"4275",40
"4276",41
"4277",42
"4278",43
"4279",44
"4280",45
"4281",46
"4282",47
"4283",48
"4284",49
"4285",50
"4286",51
"4287",52
"4288",1
"4289",2
"4290",3
"4291",4
"4292",5
"4293",6
"4294",7
"4295",8
"4296",9
"4297",10
"4298",11
"4299",12
"4300",13
"4301",14
"4302",15
"4303",16
"4304",17
"4305",18
"4306",19
"4307",20
"4308",21
"4309",22
"4310",23
"4311",24
"4312",25
"4313",26
"4314",27
"4315",28
"4316",29
"4317",30
"4318",31
"4319",32
"4320",33
"4321",34
"4322",35
"4323",36
"4324",37
"4325",38
"4326",39
"4327",40
"4328",41
"4329",42
"4330",43
"4331",44
"4332",45
"4333",46
"4334",47
"4335",48
"4336",49
"4337",50
"4338",51
"4339",52
"4340",1
"4341",2
"4342",3
"4343",4
"4344",5
"4345",6
"4346",7
"4347",8
"4348",9
"4349",10
"4350",11
"4351",12
"4352",13
"4353",14
"4354",15
"4355",16
"4356",17
"4357",18
"4358",19
"4359",20
"4360",21
"4361",22
"4362",23
"4363",24
"4364",25
"4365",26
"4366",27
"4367",28
"4368",29
"4369",30
"4370",31
"4371",32
"4372",33
"4373",34
"4374",35
"4375",36
"4376",37
"4377",38
"4378",39
"4379",40
"4380",41
"4381",42
"4382",43
"4383",44
"4384",45
"4385",46
"4386",47
"4387",48
"4388",49
"4389",50
"4390",51
"4391",52
"4392",53
"4393",1
"4394",2
"4395",3
"4396",4
"4397",5
"4398",6
"4399",7
"4400",8
"4401",9
"4402",10
"4403",11
"4404",12
"4405",13
"4406",14
"4407",15
"4408",16
"4409",17
"4410",18
"4411",19
"4412",20
"4413",21
"4414",22
"4415",23
"4416",24
"4417",25
"4418",26
"4419",27
"4420",28
"4421",29
"4422",30
"4423",31
"4424",32
"4425",33
"4426",34
"4427",35
"4428",36
"4429",37
"4430",38
"4431",39
"4432",40
"4433",41
"4434",42
"4435",43
"4436",44
"4437",45
"4438",46
"4439",47
"4440",48
"4441",49
"4442",50
"4443",51
"4444",52
"4445",1
"4446",2
"4447",3
"4448",4
"4449",5
"4450",6
"4451",7
"4452",8
"4453",9
"4454",10
"4455",11
"4456",12
"4457",13
"4458",14
"4459",15
"4460",16
"4461",17
"4462",18
"4463",19
"4464",20
"4465",21
"4466",22
"4467",23
"4468",24
"4469",25
"4470",26
"4471",27
"4472",28
"4473",29
"4474",30
"4475",31
"4476",32
"4477",33
"4478",34
"4479",35
"4480",36
"4481",37
"4482",38
"4483",39
"4484",40
"4485",41
"4486",42
"4487",43
"4488",44
"4489",45
"4490",46
"4491",47
"4492",48
"4493",49
"4494",50
"4495",51
"4496",52
"4497",1
"4498",2
"4499",3
"4500",4
"4501",5
"4502",6
"4503",7
"4504",8
"4505",9
"4506",10
"4507",11
"4508",12
"4509",13
"4510",14
"4511",15
"4512",16
"4513",17
"4514",18
"4515",19
"4516",20
"4517",21
"4518",22
"4519",23
"4520",24
"4521",25
"4522",26
"4523",27
"4524",28
"4525",29
"4526",30
"4527",31
"4528",32
"4529",33
"4530",34
"4531",35
"4532",36
"4533",37
"4534",38
"4535",39
"4536",40
"4537",41
"4538",42
"4539",43
"4540",44
"4541",45
"4542",46
"4543",47
"4544",48
"4545",49
"4546",50
"4547",51
"4548",52
"4549",1
"4550",2
"4551",3
"4552",4
"4553",5
"4554",6
"4555",7
"4556",8
"4557",9
"4558",10
"4559",11
"4560",12
"4561",13
"4562",14
"4563",15
"4564",16
"4565",17
"4566",18
"4567",19
"4568",20
"4569",21
"4570",22
"4571",23
"4572",24
"4573",25
"4574",26
"4575",27
"4576",28
"4577",29
"4578",30
"4579",31
"4580",32
"4581",33
"4582",34
"4583",35
"4584",36
"4585",37
"4586",38
"4587",39
"4588",40
"4589",41
"4590",42
"4591",43
"4592",44
"4593",45
"4594",46
"4595",47
"4596",48
"4597",49
"4598",50
"4599",51
"4600",52
"4601",1
"4602",2
"4603",3
"4604",4
"4605",5
"4606",6
"4607",7
"4608",8
"4609",9
"4610",10
"4611",11
"4612",12
"4613",13
"4614",14
"4615",15
"4616",16
"4617",17
"4618",18
"4619",19
"4620",20
"4621",21
"4622",22
"4623",23
"4624",24
"4625",25
"4626",26
"4627",27
"4628",28
"4629",29
"4630",30
"4631",31
"4632",32
"4633",33
"4634",34
"4635",35
"4636",36
"4637",37
"4638",38
"4639",39
"4640",40
"4641",41
"4642",42
"4643",43
"4644",44
"4645",45
"4646",46
"4647",47
"4648",48
"4649",49
"4650",50
"4651",51
"4652",52
"4653",53
"4654",1
"4655",2
"4656",3
"4657",4
"4658",5
"4659",6
"4660",7
"4661",8
"4662",9
"4663",10
"4664",11
"4665",12
"4666",13
"4667",14
"4668",15
"4669",16
"4670",17
"4671",18
"4672",19
"4673",20
"4674",21
"4675",22
"4676",23
"4677",24
"4678",25
"4679",26
"4680",27
"4681",28
"4682",29
"4683",30
"4684",31
"4685",32
"4686",33
"4687",34
"4688",35
"4689",36
"4690",37
"4691",38
"4692",39
"4693",40
"4694",41
"4695",42
"4696",43
"4697",44
"4698",45
"4699",46
"4700",47
"4701",48
"4702",49
"4703",50
"4704",51
"4705",52
"4706",1
"4707",2
"4708",3
"4709",4
"4710",5
"4711",6
"4712",7
"4713",8
"4714",9
"4715",10
"4716",11
"4717",12
"4718",13
"4719",14
"4720",15
"4721",16
"4722",17
"4723",18
"4724",19
"4725",20
"4726",21
"4727",22
"4728",23
"4729",24
"4730",25
"4731",26
"4732",27
"4733",28
"4734",29
"4735",30
"4736",31
"4737",32
"4738",33
"4739",34
"4740",35
"4741",36
"4742",37
"4743",38
"4744",39
"4745",40
"4746",41
"4747",42
"4748",43
"4749",44
"4750",45
"4751",46
"4752",47
"4753",48
"4754",49
"4755",50
"4756",51
"4757",52
"4758",1
"4759",2
"4760",3
"4761",4
"4762",5
"4763",6
"4764",7
"4765",8
"4766",9
"4767",10
"4768",11
"4769",12
"4770",13
"4771",14
"4772",15
"4773",16
"4774",17
"4775",18
"4776",19
"4777",20
"4778",21
"4779",22
"4780",23
"4781",24
"4782",25
"4783",26
"4784",27
"4785",28
"4786",29
"4787",30
"4788",31
"4789",32
"4790",33
"4791",34
"4792",35
"4793",36
"4794",37
"4795",38
"4796",39
"4797",40
"4798",41
"4799",42
"4800",43
"4801",44
"4802",45
"4803",46
"4804",47
"4805",48
"4806",49
"4807",50
"4808",51
"4809",52
"4810",1
"4811",2
"4812",3
"4813",4
"4814",5
"4815",6
"4816",7
"4817",8
"4818",9
"4819",10
"4820",11
"4821",12
"4822",13
"4823",14
"4824",15
"4825",16
"4826",17
"4827",18
"4828",19
"4829",20
"4830",21
"4831",22
"4832",23
"4833",24
"4834",25
"4835",26
"4836",27
"4837",28
"4838",29
"4839",30
"4840",31
"4841",32
"4842",33
"4843",34
"4844",35
"4845",36
"4846",37
"4847",38
"4848",39
"4849",40
"4850",41
"4851",42
"4852",43
"4853",44
"4854",45
"4855",46
"4856",47
"4857",48
"4858",49
"4859",50
"4860",51
"4861",52
"4862",1
"4863",2
"4864",3
"4865",4
"4866",5
"4867",6
"4868",7
"4869",8
"4870",9
"4871",10
"4872",11
"4873",12
"4874",13
"4875",14
"4876",15
"4877",16
"4878",17
"4879",18
"4880",19
"4881",20
"4882",21
"4883",22
"4884",23
"4885",24
"4886",25
"4887",26
"4888",27
"4889",28
"4890",29
"4891",30
"4892",31
"4893",32
"4894",33
"4895",34
"4896",35
"4897",36
"4898",37
"4899",38
"4900",39
"4901",40
"4902",41
"4903",42
"4904",43
"4905",44
"4906",45
"4907",46
"4908",47
"4909",48
"4910",49
"4911",50
"4912",51
"4913",52
"4914",1
"4915",2
"4916",3
"4917",4
"4918",5
"4919",6
"4920",7
"4921",8
"4922",9
"4923",10
"4924",11
"4925",12
"4926",13
"4927",14
"4928",15
"4929",16
"4930",17
"4931",18
"4932",19
"4933",20
"4934",21
"4935",22
"4936",23
"4937",24
"4938",25
"4939",26
"4940",27
"4941",28
"4942",29
"4943",30
"4944",31
"4945",32
"4946",33
"4947",34
"4948",35
"4949",36
"4950",37
"4951",38
"4952",39
"4953",40
"4954",41
"4955",42
"4956",43
"4957",44
"4958",45
"4959",46
"4960",47
"4961",48
"4962",49
"4963",50
"4964",51
"4965",52
"4966",53
"4967",1
"4968",2
"4969",3
"4970",4
"4971",5
"4972",6
"4973",7
"4974",8
"4975",9
"4976",10
"4977",11
"4978",12
"4979",13
"4980",14
"4981",15
"4982",16
"4983",17
"4984",18
"4985",19
"4986",20
"4987",21
"4988",22
"4989",23
"4990",24
"4991",25
"4992",26
"4993",27
"4994",28
"4995",29
"4996",30
"4997",31
"4998",32
"4999",33
"5000",34
"5001",35
"5002",36
"5003",37
"5004",38
"5005",39
"5006",40
"5007",41
"5008",42
"5009",43
"5010",44
"5011",45
"5012",46
"5013",47
"5014",48
"5015",49
"5016",50
"5017",51
"5018",52
"5019",1
"5020",2
"5021",3
"5022",4
"5023",5
"5024",6
"5025",7
"5026",8
"5027",9
"5028",10
"5029",11
"5030",12
"5031",13
"5032",14
"5033",15
"5034",16
"5035",17
"5036",18
"5037",19
"5038",20
"5039",21
"5040",22
"5041",23
"5042",24
"5043",25
"5044",26
"5045",27
"5046",28
"5047",29
"5048",30
"5049",31
"5050",32
"5051",33
"5052",34
"5053",35
"5054",36
"5055",37
"5056",38
"5057",39
"5058",40
"5059",41
"5060",42
"5061",43
"5062",44
"5063",45
"5064",46
"5065",47
"5066",48
"5067",49
"5068",50
"5069",51
"5070",52
"5071",1
"5072",2
"5073",3
"5074",4
"5075",5
"5076",6
"5077",7
"5078",8
"5079",9
"5080",10
"5081",11
"5082",12
"5083",13
"5084",14
"5085",15
"5086",16
"5087",17
"5088",18
"5089",19
"5090",20
"5091",21
"5092",22
"5093",23
"5094",24
"5095",25
"5096",26
"5097",27
"5098",28
"5099",29
"5100",30
"5101",31
"5102",32
"5103",33
"5104",34
"5105",35
"5106",36
"5107",37
"5108",38
"5109",39
"5110",40
"5111",41
"5112",42
"5113",43
"5114",44
"5115",45
"5116",46
"5117",47
"5118",48
"5119",49
"5120",50
"5121",51
"5122",52
"5123",1
"5124",2
"5125",3
"5126",4
"5127",5
"5128",6
"5129",7
"5130",8
"5131",9
"5132",10
"5133",11
"5134",12
"5135",13
"5136",14
"5137",15
"5138",16
"5139",17
"5140",18
"5141",19
"5142",20
"5143",21
"5144",22
"5145",23
"5146",24
"5147",25
"5148",26
"5149",27
"5150",28
"5151",29
"5152",30
"5153",31
"5154",32
"5155",33
"5156",34
"5157",35
"5158",36
"5159",37
"5160",38
"5161",39
"5162",40
"5163",41
"5164",42
"5165",43
"5166",44
"5167",45
"5168",46
"5169",47
"5170",48
"5171",49
"5172",50
"5173",51
"5174",52
"5175",1
"5176",2
"5177",3
"5178",4
"5179",5
"5180",6
"5181",7
"5182",8
"5183",9
"5184",10
"5185",11
"5186",12
"5187",13
"5188",14
"5189",15
"5190",16
"5191",17
"5192",18
"5193",19
"5194",20
"5195",21
"5196",22
"5197",23
"5198",24
"5199",25
"5200",26
"5201",27
"5202",28
"5203",29
"5204",30
"5205",31
"5206",32
"5207",33
"5208",34
"5209",35
"5210",36
"5211",37
"5212",38
"5213",39
"5214",40
"5215",41
"5216",42
"5217",43
"5218",44
"5219",45
"5220",46
"5221",47
"5222",48
"5223",49
"5224",50
"5225",51
"5226",52
"5227",53
"5228",1
"5229",2
"5230",3
"5231",4
"5232",5
"5233",6
"5234",7
"5235",8
"5236",9
"5237",10
"5238",11
"5239",12
"5240",13
"5241",14
"5242",15
"5243",16
"5244",17
"5245",18
"5246",19
"5247",20
"5248",21
"5249",22
"5250",23
"5251",24
"5252",25
"5253",26
"5254",27
"5255",28
"5256",29
"5257",30
"5258",31
"5259",32
"5260",33
"5261",34
"5262",35
"5263",36
"5264",37
"5265",38
"5266",39
"5267",40
"5268",41
"5269",42
"5270",43
"5271",44
"5272",45
"5273",46
"5274",47
"5275",48
"5276",49
"5277",50
"5278",51
"5279",52
"5280",1
"5281",2
"5282",3
"5283",4
"5284",5
"5285",6
"5286",7
"5287",8
"5288",9
"5289",10
"5290",11
"5291",12
"5292",13
"5293",14
"5294",15
"5295",16
"5296",17
"5297",18
"5298",19
"5299",20
"5300",21
"5301",22
"5302",23
"5303",24
"5304",25
"5305",26
"5306",27
"5307",28
"5308",29
"5309",30
"5310",31
"5311",32
"5312",33
"5313",34
"5314",35
"5315",36
"5316",37
"5317",38
"5318",39
"5319",40
"5320",41
"5321",42
"5322",43
"5323",44
"5324",45
"5325",46
"5326",47
"5327",48
"5328",49
"5329",50
"5330",51
"5331",52
"5332",1
"5333",2
"5334",3
"5335",4
"5336",5
"5337",6
"5338",7
"5339",8
"5340",9
"5341",10
"5342",11
"5343",12
"5344",13
"5345",14
"5346",15
"5347",16
"5348",17
"5349",18
"5350",19
"5351",20
"5352",21
"5353",22
"5354",23
"5355",24
"5356",25
"5357",26
"5358",27
"5359",28
"5360",29
"5361",30
"5362",31
"5363",32
"5364",33
"5365",34
"5366",35
"5367",36
"5368",37
"5369",38
"5370",39
"5371",40
"5372",41
"5373",42
"5374",43
"5375",44
"5376",45
"5377",46
"5378",47
"5379",48
"5380",49
"5381",50
"5382",51
"5383",52
"5384",1
"5385",2
"5386",3
"5387",4
"5388",5
"5389",6
"5390",7
"5391",8
"5392",9
"5393",10
"5394",11
"5395",12
"5396",13
"5397",14
"5398",15
"5399",16
"5400",17
"5401",18
"5402",19
"5403",20
"5404",21
"5405",22
"5406",23
"5407",24
"5408",25
"5409",26
"5410",27
"5411",28
"5412",29
"5413",30
"5414",31
"5415",32
"5416",33
"5417",34
"5418",35
"5419",36
"5420",37
"5421",38
"5422",39
"5423",40
"5424",41
"5425",42
"5426",43
"5427",44
"5428",45
"5429",46
"5430",47
"5431",48
"5432",49
"5433",50
"5434",51
"5435",52
"5436",1
"5437",2
"5438",3
"5439",4
"5440",5
"5441",6
"5442",7
"5443",8
"5444",9
"5445",10
"5446",11
"5447",12
"5448",13
"5449",14
"5450",15
"5451",16
"5452",17
"5453",18
"5454",19
"5455",20
"5456",21
"5457",22
"5458",23
"5459",24
"5460",25
"5461",26
"5462",27
"5463",28
"5464",29
"5465",30
"5466",31
"5467",32
"5468",33
"5469",34
"5470",35
"5471",36
"5472",37
"5473",38
"5474",39
"5475",40
"5476",41
"5477",42
"5478",43
"5479",44
"5480",45
"5481",46
"5482",47
"5483",48
"5484",49
"5485",50
"5486",51
"5487",52
"5488",1
"5489",2
"5490",3
"5491",4
"5492",5
"5493",6
"5494",7
"5495",8
"5496",9
"5497",10
"5498",11
"5499",12
"5500",13
"5501",14
"5502",15
"5503",16
"5504",17
"5505",18
"5506",19
"5507",20
"5508",21
"5509",22
"5510",23
"5511",24
"5512",25
"5513",26
"5514",27
"5515",28
"5516",29
"5517",30
"5518",31
